"priority","namespace","key","english","current_tamil","appears_on","flag","CORRECTED_TAMIL","REVIEWER_NOTES"
"0-LEGAL-PRO","legal","guidelinesBody","Uthavu exists so real help reaches real people quickly. A few simple rules keep that working:

• Post only genuine requests for help — animal rescue, medical help, food donation, roadside help, elderly support, blood donation, community help, or lost & found.
• Don't post spam, advertising, or requests unrelated to getting or giving help.
• Be honest in comments and messages — false or misleading information can put someone's safety at risk.
• Respect other members' privacy — don't share someone else's phone number or personal details without their consent.
• If a comment looks like spam, abuse, or false information, flag it — our team reviews every flagged comment.

We don't use star ratings on Uthavu. A volunteer's trustworthiness is built from real, verified completion history — not a number anyone can be unfairly judged by.","Uthavu exists so real help reaches real people quickly. A few simple rules keep that working:

• Post only genuine requests for help — animal rescue, medical help, food donation, roadside help, elderly support, blood donation, community help, or lost & found.
• Don't post spam, advertising, or requests unrelated to getting or giving help.
• Be honest in comments and messages — false or misleading information can put someone's safety at risk.
• Respect other members' privacy — don't share someone else's phone number or personal details without their consent.
• If a comment looks like spam, abuse, or false information, flag it — our team reviews every flagged comment.

We don't use star ratings on Uthavu. A volunteer's trustworthiness is built from real, verified completion history — not a number anyone can be unfairly judged by.","(not found — may be built dynamically)","UNTRANSLATED — needs attention","",""
"0-LEGAL-PRO","legal","privacyBody","We collect only what Uthavu actually needs to work: your phone number (to sign you in via OTP), your name and an optional profile photo, your location (to show you nearby help requests and let others find yours), and the reports and messages you create.

Email is never required anywhere in the app — it's an optional, private profile field only used for future account recovery, and never shown to other users.

Your phone number is only ever shown to another user if you explicitly choose to share it on a specific report. You can also post a report anonymously, hiding your name from everyone except the volunteers who join to help.

We don't sell your data, and we don't run a rating or scoring system on you — trust on Uthavu comes from verification and your real completion history, not a public score.

You can delete your account at any time from Settings — this permanently removes your reports, missions, messages, and profile data.","We collect only what Uthavu actually needs to work: your phone number (to sign you in via OTP), your name and an optional profile photo, your location (to show you nearby help requests and let others find yours), and the reports and messages you create.

Email is never required anywhere in the app — it's an optional, private profile field only used for future account recovery, and never shown to other users.

Your phone number is only ever shown to another user if you explicitly choose to share it on a specific report. You can also post a report anonymously, hiding your name from everyone except the volunteers who join to help.

We don't sell your data, and we don't run a rating or scoring system on you — trust on Uthavu comes from verification and your real completion history, not a public score.

You can delete your account at any time from Settings — this permanently removes your reports, missions, messages, and profile data.","(not found — may be built dynamically)","UNTRANSLATED — needs attention","",""
"0-LEGAL-PRO","legal","termsBody","உதவு (Uthavu) is a community help network for Tamil Nadu — it connects people who need help with nearby volunteers, in real time.

By using Uthavu you agree to: post help requests honestly, respond to requests you can genuinely help with, and treat other members with respect. Uthavu never charges you and no money ever changes hands between users through the app — sponsors and ads are the only revenue, and neither ever touches your reports or missions.

You're responsible for the accuracy of what you post. Reports that turn out to be false, abusive, or spam can be removed, and repeated misuse can lead to your account being suspended.

Uthavu is built and run by a small team, not a large company. These terms may change as the product grows — we'll keep this page up to date when they do.","உதவு (Uthavu) is a community help network for Tamil Nadu — it connects people who need help with nearby volunteers, in real time.

By using Uthavu you agree to: post help requests honestly, respond to requests you can genuinely help with, and treat other members with respect. Uthavu never charges you and no money ever changes hands between users through the app — sponsors and ads are the only revenue, and neither ever touches your reports or missions.

You're responsible for the accuracy of what you post. Reports that turn out to be false, abusive, or spam can be removed, and repeated misuse can lead to your account being suspended.

Uthavu is built and run by a small team, not a large company. These terms may change as the product grows — we'll keep this page up to date when they do.","(not found — may be built dynamically)","UNTRANSLATED — needs attention","",""
"1-SAFETY","auth","accountSuspendedError","This account has been suspended. Contact support if you believe this is a mistake.","இந்தக் கணக்கு இடைநிறுத்தப்பட்டுள்ளது. இது தவறு என நீங்கள் கருதினால் ஆதரவைத் தொடர்பு கொள்ளவும்.","OtpScreen, RootNavigator","","",""
"1-SAFETY","auth","accountSuspendedTitle","Account suspended","கணக்கு இடைநிறுத்தப்பட்டது","RootNavigator","","",""
"1-SAFETY","auth","cameraPermissionNeeded","Permission needed to access your camera.","உங்கள் கேமராவை அணுக அனுமதி தேவை.","ProfileSetupScreen","","",""
"1-SAFETY","auth","locationAccessSubtitle","Required to discover emergency help near you.","உங்களுக்கு அருகில் உள்ள அவசர உதவியைக் கண்டறிய தேவை.","PermissionsScreen","","",""
"1-SAFETY","auth","locationNeededAlertMessage","Uthavu needs your location to show help requests near you. Enable it in Settings to continue.","உங்களுக்கு அருகிலுள்ள உதவி கோரிக்கைகளைக் காட்ட உதவுவிற்கு உங்கள் இருப்பிடம் தேவை. தொடர அமைப்புகளில் அதை இயக்கவும்.","PermissionsScreen","","",""
"1-SAFETY","auth","otpExpiredError","OTP expired. Request a new one.","OTP காலாவதியானது. புதிய ஒன்றைக் கோரவும்.","OtpScreen","","",""
"1-SAFETY","auth","otpSubtitleSentTo","Enter the 6-digit code sent to {{phone}}.","{{phone}} க்கு அனுப்பப்பட்ட 6 இலக்க குறியீட்டை உள்ளிடவும்.","OtpScreen","","",""
"1-SAFETY","auth","permissionsSubtitle","Enable permissions to view nearby emergency help requests and get alerted when someone needs you.","அருகிலுள்ள அவசர உதவி கோரிக்கைகளைப் பார்க்கவும், உங்களுக்கு ஒருவருக்கு உதவி தேவைப்படும்போது அறிவிப்பு பெறவும் அனுமதிகளை இயக்கவும்.","PermissionsScreen","","",""
"1-SAFETY","auth","permissionsTitle","App Permissions","செயலி அனுமதிகள்","PermissionsScreen","","",""
"1-SAFETY","auth","phoneNumberLabel","Phone number","தொலைபேசி எண்","LoginScreen","","",""
"1-SAFETY","auth","phoneNumberPlaceholder","Phone number","தொலைபேசி எண்","LoginScreen","","",""
"1-SAFETY","auth","photosPermissionNeeded","Permission needed to access your photos.","உங்கள் புகைப்படங்களை அணுக அனுமதி தேவை.","ProfileSetupScreen, SubmitTicketScreen","","",""
"1-SAFETY","auth","privacyNote","Your location is only used while actively responding to or creating reports.","உங்கள் இருப்பிடம் புகார்களுக்கு பதிலளிக்கும் போது அல்லது உருவாக்கும் போது மட்டுமே பயன்படுத்தப்படும்.","PermissionsScreen","","",""
"1-SAFETY","auth","profileSetupSubtitle","Your name is shown on reports you post, unless you choose to post anonymously.","நீங்கள் அநாமதேயமாக பதிவிட தேர்வு செய்யாவிட்டால், நீங்கள் இடும் புகார்களில் உங்கள் பெயர் காட்டப்படும்.","ProfileSetupScreen","","",""
"1-SAFETY","auth","pushNotificationsSubtitle","Alerts you when someone accepts your report.","உங்கள் புகாரை ஒருவர் ஏற்கும்போது உங்களுக்கு அறிவிக்கும்.","PermissionsScreen","","",""
"1-SAFETY","auth","slide1Description","If you see an injured animal, someone in need, excess food, or a roadside emergency, report it in less than 30 seconds.","காயமடைந்த விலங்கு, உதவி தேவைப்படும் ஒருவர், மிச்ச உணவு அல்லது சாலையோர அவசரநிலை ஏதேனும் கண்டால், 30 வினாடிகளுக்குள் புகாரளியுங்கள்.","(not found — may be built dynamically)","","",""
"1-SAFETY","auth","slide1Title","See Something That Needs Help?","உதவி தேவைப்படும் ஒன்றைப் பார்த்தீர்களா?","(not found — may be built dynamically)","","",""
"1-SAFETY","auth","slide2Description","Your report is shared only with nearby people who are willing to help, making responses fast and relevant.","உங்கள் புகார் உதவ விரும்பும் அருகிலுள்ளவர்களுடன் மட்டுமே பகிரப்படும், இது பதில்களை வேகமாகவும் பொருத்தமாகவும் ஆக்குகிறது.","(not found — may be built dynamically)","","",""
"1-SAFETY","auth","slide2Title","Nearby Volunteers Respond","அருகிலுள்ள தொண்டர்கள் பதிலளிப்பார்கள்","(not found — may be built dynamically)","","",""
"1-SAFETY","auth","splashTagline","Helping begins with one person.","உதவுவது ஒரு நபரிலிருந்து தொடங்குகிறது.","SplashScreen","","",""
"1-SAFETY","auth","terms","By continuing, you agree to our Terms and Privacy Policy.","தொடர்வதன் மூலம், எங்கள் விதிமுறைகள் மற்றும் தனியுரிமைக் கொள்கையை ஏற்கிறீர்கள்.","LoginScreen","","",""
"1-SAFETY","common","cancel","Cancel","ரத்து செய்","CommunityComments, EditProfileScreen, ProfileSetupScreen, RequestDetailsScreen, RosterSection, VolunteerJourneyScreen","","",""
"1-SAFETY","common","expiredLabel","Expired","காலாவதியானது","urgency","","",""
"1-SAFETY","deleteAccount","confirmLabel","Type {{phrase}} to confirm","உறுதிப்படுத்த {{phrase}} என்று தட்டச்சு செய்யவும்","DeleteAccountScreen","","",""
"1-SAFETY","deleteAccount","deleteButton","Permanently Delete My Account","எனது கணக்கை நிரந்தரமாக நீக்கு","DeleteAccountScreen","","",""
"1-SAFETY","deleteAccount","deleteFailed","Could not delete your account. Try again.","உங்கள் கணக்கை நீக்க முடியவில்லை. மீண்டும் முயற்சிக்கவும்.","DeleteAccountScreen","","",""
"1-SAFETY","deleteAccount","loseMissions","Your mission history as a volunteer","தன்னார்வலராக உங்கள் பணி வரலாறு","DeleteAccountScreen","","",""
"1-SAFETY","deleteAccount","loseReports","All reports you've posted","நீங்கள் வெளியிட்ட அனைத்துக் கோரிக்கைகளும்","DeleteAccountScreen","","",""
"1-SAFETY","deleteAccount","title","Delete Account","கணக்கை நீக்கு","DeleteAccountScreen, FlaggedCommentsScreen, InviteFriendsScreen, MissionJournalScreen, MyImpactStoriesScreen, SupportHomeScreen","","",""
"1-SAFETY","flaggedComments","emptySubtitle","Comments you flag for review will show up here.","நீங்கள் மறுஆய்வுக்குக் கொடியிடும் கருத்துகள் இங்கே தோன்றும்.","FlaggedCommentsScreen, MyImpactStoriesScreen, SupportHomeScreen","","",""
"1-SAFETY","flaggedComments","emptyTitle","Nothing flagged yet","இதுவரை எதுவும் கொடியிடப்படவில்லை","FlaggedCommentsScreen, MyImpactStoriesScreen, SupportHomeScreen","","",""
"1-SAFETY","flaggedComments","rowLabel","{{title}}, flagged for {{reason}}","{{title}}, {{reason}} காரணமாகக் கொடியிடப்பட்டது","FlaggedCommentsScreen, MyImpactStoriesScreen, SupportHomeScreen","","",""
"1-SAFETY","flaggedComments","title","Flagged Comments","கொடியிடப்பட்ட கருத்துகள்","DeleteAccountScreen, FlaggedCommentsScreen, InviteFriendsScreen, MissionJournalScreen, MyImpactStoriesScreen, SupportHomeScreen","","",""
"1-SAFETY","impactStories","emptySubtitle","Completed requests you posted or helped with will appear here.","நீங்கள் வெளியிட்ட அல்லது உதவிய நிறைவு செய்யப்பட்ட கோரிக்கைகள் இங்கே தோன்றும்.","FlaggedCommentsScreen, MyImpactStoriesScreen, SupportHomeScreen","","",""
"1-SAFETY","invite","heroSubtitle","The more neighbours on Uthavu, the faster help arrives.","உதவுவில் அதிக அண்டை வீட்டார் இருந்தால், உதவி வேகமாக வந்து சேரும்.","InviteFriendsScreen","","",""
"1-SAFETY","invite","shareFailed","Could not open the share sheet. Try again.","பகிர்வு தாளைத் திறக்க முடியவில்லை. மீண்டும் முயற்சிக்கவும்.","InviteFriendsScreen","","",""
"1-SAFETY","invite","shareInvite","Share Invite","அழைப்பைப் பகிர்","InviteFriendsScreen","","",""
"1-SAFETY","invite","shareMessage","Join me on உதவு (Uthavu) — a community app that helps people find and respond to nearby help requests. Join Uthavu: {{link}}","உதவு (Uthavu) இல் என்னுடன் இணையுங்கள் — அருகிலுள்ள உதவியைக் கண்டறியவும் பதிலளிக்கவும் உதவும் சமூக செயலி.","ImpactStorySection, InviteFriendsScreen","","",""
"1-SAFETY","invite","shareTitle","Invite Friends to Uthavu","உதவுவிற்கு நண்பர்களை அழை","InviteFriendsScreen","","",""
"1-SAFETY","invite","step1","Share your link","உங்கள் இணைப்பைப் பகிரவும்","InviteFriendsScreen","","",""
"1-SAFETY","invite","step3","More helpers nearby","அருகில் அதிக உதவியாளர்கள்","InviteFriendsScreen","","",""
"1-SAFETY","legal","privacyTitle","Privacy Policy","தனியுரிமைக் கொள்கை","(not found — may be built dynamically)","","",""
"1-SAFETY","missionJournal","emptyAllSubtitle","Missions you volunteer for will show up here.","நீங்கள் தன்னார்வத் தொண்டு செய்யும் பணிகள் இங்கே தோன்றும்.","MissionJournalScreen","","",""
"1-SAFETY","missionJournal","emptyAllTitle","No missions yet","இதுவரை பணிகள் இல்லை","MissionJournalScreen","","",""
"1-SAFETY","missionJournal","emptyCancelledSubtitle","Missions that ended without being completed will appear here.","நிறைவு பெறாமல் முடிந்த பணிகள் இங்கே தோன்றும்.","MissionJournalScreen","","",""
"1-SAFETY","missionJournal","emptyCancelledTitle","No cancelled missions","ரத்து செய்யப்பட்ட பணிகள் இல்லை","MissionJournalScreen","","",""
"1-SAFETY","missionJournal","emptyCompletedSubtitle","Missions you help finish will appear here.","நீங்கள் நிறைவு செய்ய உதவும் பணிகள் இங்கே தோன்றும்.","MissionJournalScreen","","",""
"1-SAFETY","missionJournal","emptyCompletedTitle","No completed missions yet","நிறைவு செய்த பணிகள் இல்லை","MissionJournalScreen","","",""
"1-SAFETY","missionJournal","emptyLeftSubtitle","Missions you stepped away from will appear here.","நீங்கள் விலகிய பணிகள் இங்கே தோன்றும்.","MissionJournalScreen","","",""
"1-SAFETY","missionJournal","emptyLeftTitle","No missions left","விலகிய பணிகள் இல்லை","MissionJournalScreen","","",""
"1-SAFETY","missionJournal","postedAnonymously","Posted anonymously","அநாமதேயமாக வெளியிடப்பட்டது","(not found — may be built dynamically)","","",""
"1-SAFETY","missionJournal","statusActive","Helping","உதவுகிறார்","RosterSection","","",""
"1-SAFETY","missionJournal","statusCancelled","Cancelled","ரத்து செய்யப்பட்டது","(not found — may be built dynamically)","","",""
"1-SAFETY","missionJournal","tabCancelled","Cancelled","ரத்து","MissionJournalScreen","","",""
"1-SAFETY","missionJournal","title","Mission Journal","பணி நாட்குறிப்பு","DeleteAccountScreen, FlaggedCommentsScreen, InviteFriendsScreen, MissionJournalScreen, MyImpactStoriesScreen, SupportHomeScreen","","",""
"1-SAFETY","report","categoryScreen.subtitle","What kind of help is needed?","என்ன வகையான உதவி தேவை?","(not found — may be built dynamically)","","",""
"1-SAFETY","report","categoryScreen.title","Report a Request","உதவி கோரிக்கை பதிவு செய்","DeleteAccountScreen, FlaggedCommentsScreen, InviteFriendsScreen, MissionJournalScreen, MyImpactStoriesScreen, SupportHomeScreen","","",""
"1-SAFETY","report","details.descriptionPlaceholder","What's happening, and what kind of help is needed?","என்ன நடக்கிறது, என்ன வகையான உதவி தேவை?","SubmitTicketScreen","","",""
"1-SAFETY","report","details.needsTeamLabel","This needs more than one volunteer","இதற்கு ஒன்றுக்கு மேற்பட்ட தன்னார்வலர்கள் தேவை","(not found — may be built dynamically)","","",""
"1-SAFETY","report","details.volunteersNeededLabel","Volunteers needed","தேவையான தன்னார்வலர்கள்","(not found — may be built dynamically)","","",""
"1-SAFETY","report","detailsStep.descriptionPlaceholder","Describe what help is needed…","என்ன உதவி தேவை என்பதை விவரிக்கவும்…","SubmitTicketScreen","","",""
"1-SAFETY","report","detailsStep.descriptionShort","{{count}} more characters needed — give volunteers enough to act on.","இன்னும் {{count}} எழுத்துகள் தேவை — தன்னார்வலர்கள் செயல்பட போதுமான விவரம் கொடுங்கள்.","ReportDetailsPage","","",""
"1-SAFETY","report","detailsStep.volunteersNeededLabel","Volunteers Needed","தேவையான தன்னார்வலர்கள்","ReportDetailsPage","","",""
"1-SAFETY","report","edit.lockedMessage","Editing is unavailable because volunteers have already joined this request.","இந்தக் கோரிக்கையில் ஏற்கனவே தன்னார்வலர்கள் இணைந்துவிட்டதால் திருத்த முடியாது.","EditReportScreen","","",""
"1-SAFETY","report","edit.title","Edit Report","கோரிக்கையைத் திருத்து","DeleteAccountScreen, FlaggedCommentsScreen, InviteFriendsScreen, MissionJournalScreen, MyImpactStoriesScreen, SupportHomeScreen","","",""
"1-SAFETY","report","edit.titleLabel","Report Title","கோரிக்கை தலைப்பு","EditReportScreen","","",""
"1-SAFETY","report","edit.updatedMessage","✅ Report updated successfully.","✅ கோரிக்கை வெற்றிகரமாகப் புதுப்பிக்கப்பட்டது.","EditReportScreen","","",""
"1-SAFETY","report","edit.updatedTitle","Report Updated","கோரிக்கை புதுப்பிக்கப்பட்டது","EditReportScreen","","",""
"1-SAFETY","report","edit.updateFailedMessage","Could not update report. Try again.","கோரிக்கையைப் புதுப்பிக்க முடியவில்லை. மீண்டும் முயற்சிக்கவும்.","EditReportScreen","","",""
"1-SAFETY","report","edit.volunteersLabel","Needed Volunteers","தேவையான தன்னார்வலர்கள்","EditReportScreen","","",""
"1-SAFETY","report","flow.cameraNeededMessage","Uthavu needs camera access to attach a live photo to your report.","உங்கள் கோரிக்கையில் நேரடி புகைப்படத்தை இணைக்க உதவுவிற்கு கேமரா அணுகல் தேவை.","ReportFlowScreen","","",""
"1-SAFETY","report","flow.nextLocationPrivacy","Next: Location & Privacy →","அடுத்து: இருப்பிடம் & தனியுரிமை →","ReportFlowScreen","","",""
"1-SAFETY","report","flow.publish","Publish Report","கோரிக்கையை வெளியிடு","ReportFlowScreen","","",""
"1-SAFETY","report","flow.publishedMessage","Nearby volunteers can now see your request.","அருகிலுள்ள தன்னார்வலர்கள் இப்போது உங்கள் கோரிக்கையைப் பார்க்க முடியும்.","(not found — may be built dynamically)","","",""
"1-SAFETY","report","flow.publishedTitle","Report published","கோரிக்கை வெளியிடப்பட்டது","(not found — may be built dynamically)","","",""
"1-SAFETY","report","flow.publishError","Could not publish your report. Try again.","உங்கள் கோரிக்கையை வெளியிட முடியவில்லை. மீண்டும் முயற்சிக்கவும்.","ReportFlowScreen","","",""
"1-SAFETY","report","flow.stepPrivacy","Privacy","தனியுரிமை","(not found — may be built dynamically)","","",""
"1-SAFETY","report","flowExtra.postedMessage","Your request is now live for nearby volunteers and community members.","உங்கள் கோரிக்கை அருகிலுள்ள தன்னார்வலர்களுக்கும் சமூக உறுப்பினர்களுக்கும் இப்போது தெரியும்.","ReportFlowScreen","","",""
"1-SAFETY","report","location.subtitle","Nearby volunteers use this to find the situation.","அருகிலுள்ள தன்னார்வலர்கள் இதைப் பயன்படுத்தி நிலைமையைக் கண்டறிவார்கள்.","(not found — may be built dynamically)","","",""
"1-SAFETY","report","location.title","Confirm your location","உங்கள் இருப்பிடத்தை உறுதிப்படுத்தவும்","DeleteAccountScreen, FlaggedCommentsScreen, InviteFriendsScreen, MissionJournalScreen, MyImpactStoriesScreen, SupportHomeScreen","","",""
"1-SAFETY","report","locationStep.anonymousLabel","Post Anonymously","அநாமதேயமாக பதிவிடு","ReportLocationPage","","",""
"1-SAFETY","report","locationStep.confirmLabel","I confirm that this information is accurate.","இந்தத் தகவல் துல்லியமானது என்பதை நான் உறுதிப்படுத்துகிறேன்.","DeleteAccountScreen","","",""
"1-SAFETY","report","locationStep.expiryLabel","Expected help window","எதிர்பார்க்கப்படும் உதவி காலம்","ReportLocationPage","","",""
"1-SAFETY","report","locationStep.ngoLabel","Share with local NGOs","உள்ளூர் தன்னார்வ அமைப்புகளுடன் பகிரவும்","(not found — may be built dynamically)","","",""
"1-SAFETY","report","locationStep.pageSubtitle","Set location, expiry duration and contact privacy.","இருப்பிடம், காலாவதி கால அளவு மற்றும் தொடர்பு தனியுரிமையை அமைக்கவும்.","ReportLocationPage","","",""
"1-SAFETY","report","locationStep.phoneVisibleLabel","Share phone number with volunteers","தன்னார்வலர்களுடன் தொலைபேசி எண்ணைப் பகிரவும்","ReportLocationPage","","",""
"1-SAFETY","report","locationStep.phoneVisibleOff","Phone hidden — volunteers contact via in-app chat only.","தொலைபேசி மறைக்கப்பட்டுள்ளது — தன்னார்வலர்கள் ஆப்-இல் அரட்டை மூலம் மட்டுமே தொடர்பு கொள்வார்கள்.","ReportLocationPage","","",""
"1-SAFETY","report","locationStep.phoneVisibleOn","Phone number visible to volunteers","தொலைபேசி எண் தன்னார்வலர்களுக்குத் தெரியும்","ReportLocationPage","","",""
"1-SAFETY","report","locationStep.privacyTitle","Privacy & Notifications","தனியுரிமை & அறிவிப்புகள்","ReportLocationPage","","",""
"1-SAFETY","report","photo.subtitle","A live photo is required — it's what makes your report trustworthy to nearby volunteers.","நேரடி புகைப்படம் அவசியம் — இதுவே உங்கள் கோரிக்கையை அருகிலுள்ள தன்னார்வலர்களுக்கு நம்பகமானதாக்குகிறது.","(not found — may be built dynamically)","","",""
"1-SAFETY","report","privacy.anonymousLabel","Post anonymously","அநாமதேயமாக பதிவிடு","(not found — may be built dynamically)","","",""
"1-SAFETY","report","privacy.anonymousSubtitle","Hides your name, photo, and profession on the public report card","பொது கோரிக்கை அட்டையில் உங்கள் பெயர், புகைப்படம் மற்றும் தொழிலை மறைக்கிறது","(not found — may be built dynamically)","","",""
"1-SAFETY","report","privacy.phoneVisibleLabel","Share phone number with volunteers","தன்னார்வலர்களுடன் தொலைபேசி எண்ணைப் பகிரவும்","(not found — may be built dynamically)","","",""
"1-SAFETY","report","privacy.phoneVisibleSubtitle","Only visible to someone who accepts your request","உங்கள் கோரிக்கையை ஏற்றுக்கொள்பவருக்கு மட்டுமே தெரியும்","(not found — may be built dynamically)","","",""
"1-SAFETY","report","privacy.subtitle","Control what's exposed about you on this report.","இந்த கோரிக்கையில் உங்களைப் பற்றி என்ன வெளிப்படுத்தப்படுகிறது என்பதைக் கட்டுப்படுத்துங்கள்.","(not found — may be built dynamically)","","",""
"1-SAFETY","report","privacy.title","Privacy","தனியுரிமை","DeleteAccountScreen, FlaggedCommentsScreen, InviteFriendsScreen, MissionJournalScreen, MyImpactStoriesScreen, SupportHomeScreen","","",""
"1-SAFETY","report","review.expiresIn","Expires in {{time}}","{{time}} இல் காலாவதியாகும்","(not found — may be built dynamically)","","",""
"1-SAFETY","report","review.phonePrivate","Phone number stays private","தொலைபேசி எண் தனிப்பட்டதாகவே இருக்கும்","(not found — may be built dynamically)","","",""
"1-SAFETY","report","review.phoneShared","Phone shared with the volunteer who accepts","ஏற்றுக்கொள்ளும் தன்னார்வலருடன் தொலைபேசி எண் பகிரப்படும்","(not found — may be built dynamically)","","",""
"1-SAFETY","report","review.postingAnonymously","Posting anonymously","அநாமதேயமாக பதிவிடுகிறது","(not found — may be built dynamically)","","",""
"1-SAFETY","report","review.subtitle","This is exactly what nearby volunteers will see.","அருகிலுள்ள தன்னார்வலர்கள் பார்க்கப்போவது இதுதான்.","(not found — may be built dynamically)","","",""
"1-SAFETY","requestDetails","activeHelping","🟢 You're helping with this mission.","🟢 நீங்கள் இந்த பணியில் உதவி வருகிறீர்கள்.","RosterSection","","",""
"1-SAFETY","requestDetails","cameraPermissionError","Camera access is needed to submit a completion photo.","நிறைவு புகைப்படத்தை சமர்ப்பிக்க கேமரா அணுகல் தேவை.","CompleteMissionSheet","","",""
"1-SAFETY","requestDetails","chatLockedMessage","🔒 Mission Chat is available after you accept this request.","🔒 இந்த கோரிக்கையை ஏற்றுக்கொண்ட பிறகு மிஷன் சாட் கிடைக்கும்.","RequestDetailsScreen","","",""
"1-SAFETY","requestDetails","chatLockedNote","This mission is complete — chat is read-only.","இந்த பணி முடிந்துவிட்டது — சாட் படிக்க மட்டுமே.","MissionChat","","",""
"1-SAFETY","requestDetails","commentPlaceholder","Share something helpful…","பயனுள்ள ஒன்றைப் பகிரவும்…","CommunityComments","","",""
"1-SAFETY","requestDetails","completeMission","Complete Mission","பணியை முடி","RosterSection, VolunteerJourneyScreen","","",""
"1-SAFETY","requestDetails","completeMissionTitle","Complete Mission","பணியை முடி","CompleteMissionSheet","","",""
"1-SAFETY","requestDetails","completionReportTitle","Completion Report","நிறைவு அறிக்கை","VolunteerJourneyScreen","","",""
"1-SAFETY","requestDetails","confirmWithin","⏱ Confirm within {{time}}","⏱ {{time}} உள்ளாக உறுதிப்படுத்தவும்","RosterSection","","",""
"1-SAFETY","requestDetails","confirmWithinFallback","15m","15 நிமி","RosterSection","","",""
"1-SAFETY","requestDetails","deletedUserLabel","Deleted User","நீக்கப்பட்ட பயனர்","CommunityComments, MissionChat, RequestDetailsScreen, RosterSection, VolunteerJourneyScreen","","",""
"1-SAFETY","requestDetails","emptyComments","No comments yet — be the first to share something useful.","இதுவரை கருத்துகள் இல்லை — முதலில் ஏதாவது பயனுள்ளதைப் பகிரவும்.","CommunityComments","","",""
"1-SAFETY","requestDetails","flagAccessibilityLabel","Flag comment from {{name}}","{{name}} இன் கருத்தைப் புகாரளி","CommunityComments","","",""
"1-SAFETY","requestDetails","flagAction","Report","புகார் செய்","CommunityComments","","",""
"1-SAFETY","requestDetails","flagFailedTitle","Could not flag this","புகாரளிக்க முடியவில்லை","CommunityComments","","",""
"1-SAFETY","requestDetails","flagPromptMessage","What is the issue?","பிரச்சனை என்ன?","CommunityComments","","",""
"1-SAFETY","requestDetails","flagPromptTitle","Flag this comment","இந்த கருத்தை புகாரளிக்கவா?","CommunityComments","","",""
"1-SAFETY","requestDetails","flagReasonAbuse","Abuse","தவறான நடத்தை","CommunityComments","","",""
"1-SAFETY","requestDetails","flagReasonDuplicate","Duplicate","நகல்","CommunityComments","","",""
"1-SAFETY","requestDetails","flagReasonFalseInformation","False information","தவறான தகவல்","CommunityComments","","",""
"1-SAFETY","requestDetails","flagReasonOther","Other","மற்றவை","CommunityComments","","",""
"1-SAFETY","requestDetails","flagReasonSpam","Spam","ஸ்பேம்","CommunityComments","","",""
"1-SAFETY","requestDetails","flagThanksMessage","We'll review this.","நாங்கள் இதை பரிசீலிப்போம்.","CommunityComments","","",""
"1-SAFETY","requestDetails","flagThanksTitle","Thanks","நன்றி","CommunityComments","","",""
"1-SAFETY","requestDetails","helpedInDuration","Helped in {{duration}}","{{duration}}இல் உதவப்பட்டது","ImpactStorySection","","",""
"1-SAFETY","requestDetails","illHelp","I'll Help","நான் உதவுகிறேன்","RosterSection","","",""
"1-SAFETY","requestDetails","journeyActiveBannerSubtitle","Keep the reporter updated via Mission Chat.","மிஷன் சாட் மூலம் புகாரளித்தவரைத் தொடர்ந்து புதுப்பிக்கவும்.","(not found — may be built dynamically)","","",""
"1-SAFETY","requestDetails","journeyActiveBannerTitle","You're Helping","நீங்கள் உதவுகிறீர்கள்","(not found — may be built dynamically)","","",""
"1-SAFETY","requestDetails","journeyCallReporter","Call reporter","தெரிவித்தவரை அழைக்கவும்","VolunteerJourneyScreen","","",""
"1-SAFETY","requestDetails","journeyCompletedTitle","Mission Completed","பணி நிறைவடைந்தது","VolunteerJourneyScreen","","",""
"1-SAFETY","requestDetails","journeyHelpingSubtitle","Mission Active — coordinate with your team below.","பணி செயலில் உள்ளது — கீழே உங்கள் குழுவுடன் ஒருங்கிணைக்கவும்.","VolunteerJourneyScreen","","",""
"1-SAFETY","requestDetails","journeyHelpingTitle","🟢 You Are Helping","🟢 நீங்கள் உதவுகிறீர்கள்","VolunteerJourneyScreen","","",""
"1-SAFETY","requestDetails","journeyJoinedBannerSubtitle","Post remains open for backup volunteers.","கூடுதல் தன்னார்வலர்களுக்காக இடுகை திறந்தே இருக்கும்.","(not found — may be built dynamically)","","",""
"1-SAFETY","requestDetails","journeyJoinedBannerTitle","Volunteer Joined","தன்னார்வலர் இணைந்தார்","VolunteerJourneyScreen","","",""
"1-SAFETY","requestDetails","journeyJoinedSubtitle","You joined this request. Confirm within 15 minutes.","இந்தக் கோரிக்கையில் இணைந்துள்ளீர்கள். 15 நிமிடங்களுக்குள் உறுதிப்படுத்தவும்.","VolunteerJourneyScreen","","",""
"1-SAFETY","requestDetails","journeyMissionTeam","Mission Team ({{ready}}/{{needed}} Ready)","பணிக் குழு ({{ready}}/{{needed}} தயார்)","(not found — may be built dynamically)","","",""
"1-SAFETY","requestDetails","journeyProgressHelping","Helping Now","இப்போது உதவுகிறேன்","VolunteerJourneyScreen","","",""
"1-SAFETY","requestDetails","journeyResponseTimerBody","Tap Start Helping below to confirm you are on your way. If unconfirmed in time, the request automatically reopens for nearby volunteers.","நீங்கள் வருவதை உறுதிப்படுத்த கீழே உள்ள உதவத் தொடங்கு என்பதைத் தட்டவும். குறித்த நேரத்தில் உறுதிப்படுத்தாவிட்டால், கோரிக்கை அருகிலுள்ள தன்னார்வலர்களுக்குத் தானாகவே மீண்டும் திறக்கும்.","(not found — may be built dynamically)","","",""
"1-SAFETY","requestDetails","journeyTemporaryMissionChat","Temporary Mission Chat","தற்காலிக மிஷன் சாட்","(not found — may be built dynamically)","","",""
"1-SAFETY","requestDetails","journeyTimerBody","You have 15 minutes to confirm and start helping.","உறுதிப்படுத்தி உதவத் தொடங்க உங்களுக்கு 15 நிமிடங்கள் உள்ளன.","VolunteerJourneyScreen","","",""
"1-SAFETY","requestDetails","leaveConfirmAction","Leave","வெளியேறு","RosterSection, VolunteerJourneyScreen","","",""
"1-SAFETY","requestDetails","leaveConfirmMessage","You will lose your volunteer slot and another volunteer can join.","உங்கள் தொண்டர் இடம் காலியாகும், மற்றொரு தொண்டர் இணையலாம்.","RosterSection, VolunteerJourneyScreen","","",""
"1-SAFETY","requestDetails","leaveConfirmTitle","Leave this mission?","இந்த பணியை விட்டு வெளியேறவா?","RosterSection, VolunteerJourneyScreen","","",""
"1-SAFETY","requestDetails","leaveMission","Leave Mission","பணியை விட்டு வெளியேறு","RosterSection","","",""
"1-SAFETY","requestDetails","locationSharedFallback","Location shared","இருப்பிடம் பகிரப்பட்டது","RequestDetailsScreen","","",""
"1-SAFETY","requestDetails","missionChatTitle","Mission Chat","மிஷன் சாட்","MissionChat","","",""
"1-SAFETY","requestDetails","ownerCancelConfirm","Cancel Request","கோரிக்கையை ரத்து செய்","RequestDetailsScreen","","",""
"1-SAFETY","requestDetails","ownerCancelFailed","Could not cancel request.","கோரிக்கையை ரத்து செய்ய முடியவில்லை.","RequestDetailsScreen","","",""
"1-SAFETY","requestDetails","ownerCancelKeep","Keep Active","செயலில் வைத்திரு","RequestDetailsScreen","","",""
"1-SAFETY","requestDetails","ownerCancelledMessage","This request has been cancelled.","இந்தக் கோரிக்கை ரத்து செய்யப்பட்டது.","RequestDetailsScreen","","",""
"1-SAFETY","requestDetails","ownerCancelledTitle","Request Cancelled","கோரிக்கை ரத்து செய்யப்பட்டது","RequestDetailsScreen","","",""
"1-SAFETY","requestDetails","ownerCancelMessage","Volunteers will be notified that help is no longer required.","உதவி இனி தேவையில்லை என்று தன்னார்வலர்களுக்கு அறிவிக்கப்படும்.","RequestDetailsScreen","","",""
"1-SAFETY","requestDetails","ownerCancelTitle","Cancel Request?","கோரிக்கையை ரத்து செய்யவா?","RequestDetailsScreen","","",""
"1-SAFETY","requestDetails","ownerDeleteConfirm","Delete","நீக்கு","RequestDetailsScreen","","",""
"1-SAFETY","requestDetails","ownerDeleteFailed","Could not delete report.","கோரிக்கையை நீக்க முடியவில்லை.","RequestDetailsScreen","","",""
"1-SAFETY","requestDetails","ownerDeleteLockedMessage","Delete is unavailable because volunteers have already joined. Please use Cancel Request instead.","ஏற்கனவே தன்னார்வலர்கள் இணைந்துவிட்டதால் நீக்க முடியாது. அதற்குப் பதிலாக கோரிக்கையை ரத்து செய்யவும்.","RequestDetailsScreen","","",""
"1-SAFETY","requestDetails","ownerDeleteLockedTitle","Delete Unavailable","நீக்க முடியாது","RequestDetailsScreen","","",""
"1-SAFETY","requestDetails","ownerDeleteMessage","This action will remove the request from your active reports.","இந்தச் செயல் உங்கள் செயலில் உள்ள கோரிக்கைகளிலிருந்து இதை நீக்கும்.","RequestDetailsScreen","","",""
"1-SAFETY","requestDetails","ownerDeleteTitle","Delete Request?","கோரிக்கையை நீக்கவா?","RequestDetailsScreen","","",""
"1-SAFETY","requestDetails","ownerEditLockedMessage","Editing is unavailable because volunteers have already joined this request.","இந்தக் கோரிக்கையில் ஏற்கனவே தன்னார்வலர்கள் இணைந்துவிட்டதால் திருத்த முடியாது.","RequestDetailsScreen","","",""
"1-SAFETY","requestDetails","ownerMenuCancel","Cancel Report","கோரிக்கையை ரத்து செய்","RequestDetailsScreen","","",""
"1-SAFETY","requestDetails","ownerMenuCancelSub","Help is no longer required","உதவி இனி தேவையில்லை","RequestDetailsScreen","","",""
"1-SAFETY","requestDetails","ownerMenuDelete","Delete Report","கோரிக்கையை நீக்கு","RequestDetailsScreen","","",""
"1-SAFETY","requestDetails","ownerMenuDeleteSub","Remove this request completely","இந்தக் கோரிக்கையை முழுமையாக நீக்கு","RequestDetailsScreen","","",""
"1-SAFETY","requestDetails","ownerMenuDeleteSubLocked","Unavailable — use Cancel Request instead","கிடைக்கவில்லை — அதற்குப் பதிலாக ரத்து செய்யவும்","RequestDetailsScreen","","",""
"1-SAFETY","requestDetails","ownerMenuEdit","Edit Report","கோரிக்கையைத் திருத்து","RequestDetailsScreen","","",""
"1-SAFETY","requestDetails","ownerMenuEditSub","Modify title, description, or volunteer count","தலைப்பு, விவரம் அல்லது தன்னார்வலர் எண்ணிக்கையை மாற்று","RequestDetailsScreen","","",""
"1-SAFETY","requestDetails","ownerMenuEditSubLocked","Unavailable — a volunteer has already joined","கிடைக்கவில்லை — ஒரு தன்னார்வலர் ஏற்கனவே இணைந்துவிட்டார்","RequestDetailsScreen","","",""
"1-SAFETY","requestDetails","ownerMenuTitle","Report Management","கோரிக்கை நிர்வாகம்","RequestDetailsScreen","","",""
"1-SAFETY","requestDetails","progressAccessibilityLabel_one","{{activeCount}} of {{count}} volunteer joined","தேவையான {{count}} தொண்டரில் {{activeCount}} பேர் இணைந்தனர்","(not found — may be built dynamically)","","",""
"1-SAFETY","requestDetails","progressAccessibilityLabel_other","{{activeCount}} of {{count}} volunteers joined","தேவையான {{count}} தொண்டர்களில் {{activeCount}} பேர் இணைந்தனர்","(not found — may be built dynamically)","","",""
"1-SAFETY","requestDetails","reporterBadge","Reporter","புகார் அளித்தவர்","CommunityComments","","",""
"1-SAFETY","requestDetails","reportOptionsLabel","Report Options","கோரிக்கை விருப்பங்கள்","RequestDetailsScreen","","",""
"1-SAFETY","requestDetails","share","Share","பகிர்","CategoryListScreen, ImpactStorySection","","",""
"1-SAFETY","requestDetails","shareMessage","See how the Uthavu community helped with ""{{title}}"":","""{{title}}"" க்கு உதவு சமூகம் எப்படி உதவியது என்பதைப் பாருங்கள்:","ImpactStorySection, InviteFriendsScreen","","",""
"1-SAFETY","requestDetails","shareStoryLabel","Share Story","கதையைப் பகிர்","RequestDetailsScreen","","",""
"1-SAFETY","requestDetails","startHelping","Start Helping","உதவத் தொடங்கு","RosterSection, VolunteerJourneyScreen","","",""
"1-SAFETY","requestDetails","volunteerJourneyTitle","Volunteer Journey","தன்னார்வலர் பயணம்","VolunteerJourneyScreen","","",""
"1-SAFETY","requestDetails","volunteerLimitReached","Volunteer limit reached","தொண்டர் வரம்பு நிறைவடைந்தது","RosterSection","","",""
"1-SAFETY","requestDetails","volunteersTitle","Volunteers","தொண்டர்கள்","RosterSection","","",""
"1-SAFETY","tabs","alerts.content.aVolunteer","A volunteer","ஒரு தன்னார்வலர்","AlertsScreen","","",""
"1-SAFETY","tabs","alerts.content.mission_completed.body","{{volunteerName}} marked “{{reportTitle}}” as complete.","{{volunteerName}} “{{reportTitle}}” ஐ நிறைவு செய்துள்ளார்.","(not found — may be built dynamically)","","",""
"1-SAFETY","tabs","alerts.content.mission_completed.title","Mission Completed","பணி நிறைவடைந்தது","DeleteAccountScreen, FlaggedCommentsScreen, InviteFriendsScreen, MissionJournalScreen, MyImpactStoriesScreen, SupportHomeScreen","","",""
"1-SAFETY","tabs","alerts.content.report_cancelled.body","The request you joined (“{{reportTitle}}”) has been cancelled by the reporter.","நீங்கள் இணைந்த கோரிக்கை (“{{reportTitle}}”) புகாரளித்தவரால் ரத்து செய்யப்பட்டது.","(not found — may be built dynamically)","","",""
"1-SAFETY","tabs","alerts.content.report_cancelled.title","Request Cancelled","கோரிக்கை ரத்து செய்யப்பட்டது","DeleteAccountScreen, FlaggedCommentsScreen, InviteFriendsScreen, MissionJournalScreen, MyImpactStoriesScreen, SupportHomeScreen","","",""
"1-SAFETY","tabs","alerts.content.volunteer_accepted.body","{{volunteerName}} is heading to help with “{{reportTitle}}”.","“{{reportTitle}}” என்பதற்கு உதவ {{volunteerName}} வருகிறார்.","(not found — may be built dynamically)","","",""
"1-SAFETY","tabs","alerts.content.volunteer_accepted.title","Volunteer Accepted","தன்னார்வலர் ஏற்றுக்கொண்டார்","DeleteAccountScreen, FlaggedCommentsScreen, InviteFriendsScreen, MissionJournalScreen, MyImpactStoriesScreen, SupportHomeScreen","","",""
"1-SAFETY","tabs","alerts.content.volunteer_released.body","{{volunteerName}} is no longer available to help with “{{reportTitle}}”.","“{{reportTitle}}” என்பதற்கு உதவ {{volunteerName}} இனி கிடைக்கவில்லை.","(not found — may be built dynamically)","","",""
"1-SAFETY","tabs","alerts.content.volunteer_released.title","Volunteer Update","தன்னார்வலர் புதுப்பிப்பு","DeleteAccountScreen, FlaggedCommentsScreen, InviteFriendsScreen, MissionJournalScreen, MyImpactStoriesScreen, SupportHomeScreen","","",""
"1-SAFETY","tabs","alerts.emptySubtitle","You'll see updates here when a volunteer responds to your reports.","ஒரு தன்னார்வலர் உங்கள் கோரிக்கைகளுக்குப் பதிலளிக்கும்போது புதுப்பிப்புகள் இங்கே தோன்றும்.","FlaggedCommentsScreen, MyImpactStoriesScreen, SupportHomeScreen","","",""
"1-SAFETY","tabs","categoryList.shareMessage","Someone nearby needs help on Uthavu: ""{{title}}""","உதவு-வில் அருகில் ஒருவருக்கு உதவி தேவை: ""{{title}}""","ImpactStorySection, InviteFriendsScreen","","",""
"1-SAFETY","tabs","categoryList.sortMostUrgent","Most Urgent","மிக அவசரம்","(not found — may be built dynamically)","","",""
"1-SAFETY","tabs","categoryList.statusUrgent","Urgent","அவசரம்","(not found — may be built dynamically)","","",""
"1-SAFETY","tabs","dashboard.activeMissionLabel","Active mission: {{title}}","செயலில் உள்ள பணி: {{title}}","DashboardScreen","","",""
"1-SAFETY","tabs","dashboard.activeMissionSub","Mission active · Tap to view and update","பணி செயலில் உள்ளது · பார்க்கவும் புதுப்பிக்கவும் தட்டவும்","DashboardScreen","","",""
"1-SAFETY","tabs","dashboard.activeMissionTag","ACTIVE MISSION IN PROGRESS","பணி நடைபெற்றுக் கொண்டிருக்கிறது","DashboardScreen","","",""
"1-SAFETY","tabs","dashboard.helpRequestsIn","Help Requests in {{city}}","{{city}} இல் உதவி கோரிக்கைகள்","DashboardScreen","","",""
"1-SAFETY","tabs","dashboard.helpRequestsNearby","Help Requests Nearby","அருகிலுள்ள உதவி கோரிக்கைகள்","DashboardScreen","","",""
"1-SAFETY","tabs","dashboard.radiusSheetSubCity","Showing help requests around {{city}}.","{{city}} ஐச் சுற்றியுள்ள உதவிக் கோரிக்கைகள்.","DashboardScreen","","",""
"1-SAFETY","tabs","dashboard.radiusSheetSubHere","Showing help requests around your current location.","உங்கள் தற்போதைய இருப்பிடத்தைச் சுற்றியுள்ள உதவிக் கோரிக்கைகள்.","DashboardScreen","","",""
"1-SAFETY","tabs","dashboard.statActiveVolunteers","Active Vols.","செயலில் உள்ளோர்","DashboardScreen","","",""
"1-SAFETY","tabs","dashboard.statHelped","Helped","உதவியது","DashboardScreen","","",""
"1-SAFETY","tabs","dashboard.statNeedHelp","Need Help","உதவி தேவை","DashboardScreen","","",""
"1-SAFETY","tabs","dashboard.statUrgent","Urgent","அவசரம்","DashboardScreen","","",""
"1-SAFETY","tabs","editProfile.subtitle","Your name is shown on reports you post, unless you post anonymously.","நீங்கள் அநாமதேயமாக பதிவிடும் வரை, உங்கள் பெயர் நீங்கள் பதிவிடும் கோரிக்கைகளில் காண்பிக்கப்படும்.","EditProfileScreen","","",""
"1-SAFETY","tabs","myHelps.acceptedTimeAgo","Accepted {{time}}","{{time}} ஏற்றுக்கொள்ளப்பட்டது","(not found — may be built dynamically)","","",""
"1-SAFETY","tabs","myHelps.emptyActiveSubtitle","Missions you volunteer for will show up here once you accept a request.","நீங்கள் ஒரு கோரிக்கையை ஏற்றுக்கொண்டவுடன், தன்னார்வத் தொண்டு செய்யும் பணிகள் இங்கே தோன்றும்.","(not found — may be built dynamically)","","",""
"1-SAFETY","tabs","myHelps.emptyActiveTitle","No active missions","செயலில் பணிகள் இல்லை","(not found — may be built dynamically)","","",""
"1-SAFETY","tabs","myHelps.emptyStoriesSubtitle","Completed missions you helped with will appear here.","நீங்கள் உதவிய நிறைவு செய்யப்பட்ட பணிகள் இங்கே தோன்றும்.","(not found — may be built dynamically)","","",""
"1-SAFETY","tabs","myHelps.header","My Helps","எனது உதவிகள்","MyHelpsScreen","","",""
"1-SAFETY","tabs","myHelps.postedAnonymously","Posted anonymously","அநாமதேயமாக வெளியிடப்பட்டது","CategoryListScreen, MyHelpsScreen","","",""
"1-SAFETY","tabs","myHelps.postedByDeletedUser","Posted by Deleted User","நீக்கப்பட்ட பயனர் வெளியிட்டார்","CategoryListScreen, MyHelpsScreen","","",""
"1-SAFETY","tabs","myHelps.statusHelpingInProgress","Helping in Progress","உதவி நடைபெறுகிறது","MyHelpsScreen","","",""
"1-SAFETY","tabs","myHelps.statusVolunteerAssigned","Volunteer Assigned","தன்னார்வலர் நியமிக்கப்பட்டார்","MyHelpsScreen","","",""
"1-SAFETY","tabs","myHelps.subtitle","Active missions & ongoing assistance queue","செயலில் உள்ள பணிகள் & தொடரும் உதவி வரிசை","(not found — may be built dynamically)","","",""
"1-SAFETY","tabs","myReports.badgeActiveMission","Active Mission","செயலில் உள்ள பணி","MyReportsScreen","","",""
"1-SAFETY","tabs","myReports.badgeCancelled","Cancelled","ரத்து செய்யப்பட்டது","MyReportsScreen","","",""
"1-SAFETY","tabs","myReports.badgeExpired","Expired","காலாவதியானது","MyReportsScreen","","",""
"1-SAFETY","tabs","myReports.emptyActiveSubtitle","You haven't posted any active help requests.","நீங்கள் இதுவரை எந்த உதவிக் கோரிக்கையும் வெளியிடவில்லை.","MyReportsScreen","","",""
"1-SAFETY","tabs","myReports.emptyActiveTitle","No active reports","செயலில் கோரிக்கைகள் இல்லை","(not found — may be built dynamically)","","",""
"1-SAFETY","tabs","myReports.emptyCancelledTitle","No cancelled reports","ரத்து செய்த கோரிக்கைகள் இல்லை","MissionJournalScreen","","",""
"1-SAFETY","tabs","myReports.emptyCompletedTitle","No completed reports","நிறைவு செய்த கோரிக்கைகள் இல்லை","MissionJournalScreen","","",""
"1-SAFETY","tabs","myReports.emptyExpiredTitle","No expired reports","காலாவதியான கோரிக்கைகள் இல்லை","(not found — may be built dynamically)","","",""
"1-SAFETY","tabs","myReports.tabCancelled","Cancelled","ரத்து","MissionJournalScreen","","",""
"1-SAFETY","tabs","myReports.tabExpired","Expired","காலாவதி","(not found — may be built dynamically)","","",""
"1-SAFETY","tabs","myReports.title","My Reports","எனது கோரிக்கைகள்","DeleteAccountScreen, FlaggedCommentsScreen, InviteFriendsScreen, MissionJournalScreen, MyImpactStoriesScreen, SupportHomeScreen","","",""
"1-SAFETY","tabs","profile.menuFlaggedComments","Flagged Comments","கொடியிடப்பட்ட கருத்துகள்","(not found — may be built dynamically)","","",""
"1-SAFETY","tabs","profile.menuHelpSupport","Help & Support","உதவி & ஆதரவு","(not found — may be built dynamically)","","",""
"1-SAFETY","tabs","profile.menuMissionJournal","Mission Journal (My Activity)","பணி நாட்குறிப்பு (எனது செயல்பாடு)","(not found — may be built dynamically)","","",""
"1-SAFETY","tabs","profile.missionsJoinedCount_one","{{count}} mission joined","{{count}} பணியில் இணைந்துள்ளீர்கள்","(not found — may be built dynamically)","","",""
"1-SAFETY","tabs","profile.missionsJoinedCount_other","{{count}} missions joined","{{count}} பணிகளில் இணைந்துள்ளீர்கள்","(not found — may be built dynamically)","","",""
"1-SAFETY","tabs","profile.missionsJoinedLabel","Missions Joined","இணைந்த பணிகள்","ProfileScreen","","",""
"1-SAFETY","tabs","profile.myReportsPill","My Reports","எனது கோரிக்கைகள்","ProfileScreen","","",""
"1-SAFETY","tabs","profile.noImpactStories","No impact stories yet — completed missions will show up here.","இதுவரை தாக்கக் கதைகள் இல்லை — நிறைவு செய்த பணிகள் இங்கே தோன்றும்.","ProfileScreen","","",""
"1-SAFETY","tabs","profile.reportsPostedCount_one","{{count}} report posted","{{count}} கோரிக்கையை பதிவிட்டுள்ளீர்கள்","(not found — may be built dynamically)","","",""
"1-SAFETY","tabs","profile.reportsPostedCount_other","{{count}} reports posted","{{count}} கோரிக்கைகளை பதிவிட்டுள்ளீர்கள்","(not found — may be built dynamically)","","",""
"1-SAFETY","tabs","profile.reportsPostedLabel","Reports Posted","பதிவிடப்பட்ட கோரிக்கைகள்","ProfileScreen","","",""
"1-SAFETY","tabs","settings.deleteAccount","Delete Account","கணக்கை நீக்கு","SettingsScreen","","",""
"1-SAFETY","tabs","settings.legalPrivacy","Privacy Policy","தனியுரிமைக் கொள்கை","(not found — may be built dynamically)","","",""
"1-SAFETY","tabs","settings.privacy","Privacy","தனியுரிமை","SettingsScreen","","",""
"1-SAFETY","tabs","settings.privacyHideName","Hide my name on new reports by default","புதிய கோரிக்கைகளில் எனது பெயரை இயல்பாக மறை","SettingsScreen","","",""
"1-SAFETY","tabs","settings.privacyHideNameSubtitle","You can still change this per report before posting.","வெளியிடுவதற்கு முன் ஒவ்வொரு கோரிக்கைக்கும் இதை மாற்றலாம்.","SettingsScreen","","",""
"1-SAFETY","tabs","settings.privacyHidePhone","Hide my phone number on new reports by default","புதிய கோரிக்கைகளில் எனது தொலைபேசி எண்ணை இயல்பாக மறை","SettingsScreen","","",""
"1-SAFETY","tabs","settings.privacyHidePhoneSubtitle","Volunteers won't see your number unless you choose to share it.","நீங்கள் பகிரத் தேர்வு செய்யாத வரை தன்னார்வலர்கள் உங்கள் எண்ணைப் பார்க்க மாட்டார்கள்.","SettingsScreen","","",""
"1-SAFETY","tickets","faq.acceptMission.answer","Open a nearby request from Home or a category list and tap ""I'll Help"". You then have 15 minutes to confirm you are on your way.","முகப்பிலோ வகைப் பட்டியலிலோ உள்ள அருகிலுள்ள கோரிக்கையைத் திறந்து ""நான் உதவுகிறேன்"" என்பதை அழுத்தவும். நீங்கள் புறப்பட்டதை உறுதிசெய்ய 15 நிமிடம் உண்டு.","(not found — may be built dynamically)","","",""
"1-SAFETY","tickets","faq.acceptMission.question","How do I accept a mission?","ஒரு மிஷனை எப்படி ஏற்பது?","(not found — may be built dynamically)","","",""
"1-SAFETY","tickets","faq.createRequest.answer","Tap the green + button in the middle of the bottom bar. Pick a category, take a live photo, add the details, and confirm the location to publish it.","கீழ்ப் பட்டியின் நடுவில் உள்ள பச்சை + பொத்தானை அழுத்தவும். ஒரு வகையைத் தேர்ந்தெடுத்து, நேரடிப் புகைப்படம் எடுத்து, விவரங்களைச் சேர்த்து, இருப்பிடத்தை உறுதிசெய்தால் பதிவு வெளியாகும்.","(not found — may be built dynamically)","","",""
"1-SAFETY","tickets","faq.createRequest.question","How do I create a help request?","உதவிக் கோரிக்கையை எப்படி உருவாக்குவது?","(not found — may be built dynamically)","","",""
"1-SAFETY","tickets","faq.editProfile.answer","Open the Profile tab and tap ""Edit Profile"". You can change your name, city, district, bio, and the categories you volunteer for.","சுயவிவரத் தாவலைத் திறந்து ""சுயவிவரத்தைத் திருத்து"" என்பதை அழுத்தவும். பெயர், நகரம், மாவட்டம், சிறு குறிப்பு, நீங்கள் தொண்டு செய்யும் வகைகள் ஆகியவற்றை மாற்றலாம்.","(not found — may be built dynamically)","","",""
"1-SAFETY","tickets","faq.missionExpired.answer","Tapping ""I'll Help"" holds your slot for 15 minutes. If you do not tap ""Start Helping"" in that time, the slot is released so another volunteer can take it.","""நான் உதவுகிறேன்"" என்பதை அழுத்தினால் உங்கள் இடம் 15 நிமிடம் ஒதுக்கப்படும். அந்த நேரத்தில் ""உதவத் தொடங்கு"" என்பதை அழுத்தவில்லை என்றால், இன்னொரு தொண்டர் எடுக்க அந்த இடம் விடுவிக்கப்படும்.","(not found — may be built dynamically)","","",""
"1-SAFETY","tickets","faq.missionExpired.question","Why did my mission expire?","என் மிஷன் ஏன் காலாவதியானது?","(not found — may be built dynamically)","","",""
"1-SAFETY","tickets","faq.reportContent.answer","Tap the options menu on the comment or request, then tap Report. Pick a reason, such as spam or harassment, and it goes to a moderator.","அந்தக் கருத்திலோ கோரிக்கையிலோ உள்ள விருப்பங்கள் மெனுவை அழுத்தி, புகாரளி என்பதைத் தேர்வுசெய்யவும். ஸ்பேம், தொந்தரவு போன்ற ஒரு காரணத்தைத் தேர்ந்தெடுத்தால் அது மதிப்பாய்வாளருக்குச் செல்லும்.","(not found — may be built dynamically)","","",""
"1-SAFETY","tickets","faq.reportContent.question","How do I report a comment or a request?","ஒரு கருத்தையோ கோரிக்கையையோ எப்படிப் புகாரளிப்பது?","(not found — may be built dynamically)","","",""
"1-SAFETY","tickets","photosPermissionNeeded","Allow photo access to attach a screenshot.","திரைப்பிடிப்பை இணைக்க புகைப்பட அணுகலை அனுமதிக்கவும்.","ProfileSetupScreen, SubmitTicketScreen","","",""
"1-SAFETY","tickets","statusNote.closed","This ticket is closed, so replies are turned off. Submit a new ticket if you still need help.","இந்த டிக்கெட் மூடப்பட்டுள்ளது, எனவே பதில்கள் நிறுத்தப்பட்டுள்ளன. இன்னும் உதவி தேவைப்பட்டால் புதிய டிக்கெட் சமர்ப்பியுங்கள்.","(not found — may be built dynamically)","","",""
"1-SAFETY","tickets","title","Help & Support","உதவி & ஆதரவு","DeleteAccountScreen, FlaggedCommentsScreen, InviteFriendsScreen, MissionJournalScreen, MyImpactStoriesScreen, SupportHomeScreen","","",""
"2-CORE","auth","addProfilePhoto","Add profile photo","சுயவிவரப் புகைப்படத்தைச் சேர்","ProfileSetupScreen","","",""
"2-CORE","auth","back","Back","பின்செல்","(not found — may be built dynamically)","","",""
"2-CORE","auth","chooseFromLibrary","Choose from Library","நூலகத்திலிருந்து தேர்ந்தெடு","ProfileSetupScreen","","",""
"2-CORE","auth","codeInputLabel","6-digit verification code","6 இலக்க சரிபார்ப்பு குறியீடு","OtpScreen","","",""
"2-CORE","auth","completeProfile","Complete Profile","சுயவிவரத்தை முடி","ProfileSetupScreen","","",""
"2-CORE","auth","continue","Continue","தொடரவும்","LoginScreen, PermissionsScreen","","",""
"2-CORE","auth","detectingArea","Detecting your area…","உங்கள் பகுதியைக் கண்டறிகிறது…","ProfileSetupScreen","","",""
"2-CORE","auth","emailLabel","Email address","மின்னஞ்சல் முகவரி","ProfileSetupScreen","","",""
"2-CORE","auth","emailPlaceholder","Email address (optional)","மின்னஞ்சல் முகவரி (விருப்பம்)","ProfileSetupScreen","","",""
"2-CORE","auth","enterProfessionPlaceholder","Enter your profession","உங்கள் தொழிலை உள்ளிடவும்","ProfileSetupScreen","","",""
"2-CORE","auth","fullNameLabel","Full name","முழுப் பெயர்","ProfileSetupScreen","","",""
"2-CORE","auth","fullNamePlaceholder","Full name","முழுப் பெயர்","ProfileSetupScreen","","",""
"2-CORE","auth","getStarted","Get Started","தொடங்குங்கள்","OnboardingScreen","","",""
"2-CORE","auth","invalidEmailError","Enter a valid email","சரியான மின்னஞ்சலை உள்ளிடவும்","ProfileSetupScreen","","",""
"2-CORE","auth","invalidOtpError","Invalid OTP. Please try again.","தவறான OTP. மீண்டும் முயற்சிக்கவும்.","OtpScreen","","",""
"2-CORE","auth","languageLabel","Preferred language","விருப்பமான மொழி","ProfileSetupScreen","","",""
"2-CORE","auth","languagePlaceholder","Preferred language (optional)","விருப்பமான மொழி (விருப்பம்)","ProfileSetupScreen","","",""
"2-CORE","auth","locationAccessTitle","Location Access","இருப்பிட அனுமதி","PermissionsScreen","","",""
"2-CORE","auth","locationErrorMessage","Please try again.","மீண்டும் முயற்சிக்கவும்.","PermissionsScreen","","",""
"2-CORE","auth","locationErrorTitle","Could not get your location","உங்கள் இருப்பிடத்தைப் பெற முடியவில்லை","PermissionsScreen","","",""
"2-CORE","auth","locationNeededAlertTitle","Location needed","இருப்பிடம் தேவை","PermissionsScreen","","",""
"2-CORE","auth","locationRequiredNote","Location access is required to continue.","தொடர இருப்பிட அனுமதி தேவை.","PermissionsScreen","","",""
"2-CORE","auth","loginSubtitle","We'll text you a one-time code to verify it's you.","நீங்கள் தான் என்பதை உறுதிசெய்ய ஒரு முறை குறியீட்டை உங்களுக்கு அனுப்புவோம்.","LoginScreen","","",""
"2-CORE","auth","loginTitle","Enter your number to continue","தொடர உங்கள் எண்ணை உள்ளிடவும்","LoginScreen","","",""
"2-CORE","auth","next","Next","அடுத்து","OnboardingScreen","","",""
"2-CORE","auth","notNow","Not now","இப்போது வேண்டாம்","PermissionsScreen","","",""
"2-CORE","auth","openSettings","Open Settings","அமைப்புகளைத் திற","PermissionsScreen","","",""
"2-CORE","auth","organizationLabel","Organization","நிறுவனம்","ProfileSetupScreen","","",""
"2-CORE","auth","organizationPlaceholder","Organization (optional)","நிறுவனம் (விருப்பம்)","ProfileSetupScreen","","",""
"2-CORE","auth","otpTitle","Verify number","எண்ணை சரிபார்க்கவும்","OtpScreen","","",""
"2-CORE","auth","photoUploadError","Could not upload photo. Tap to try again, or continue without one.","புகைப்படத்தைப் பதிவேற்ற முடியவில்லை. மீண்டும் முயற்சிக்க தட்டவும், அல்லது இல்லாமல் தொடரவும்.","CompleteMissionSheet, ProfileSetupScreen","","",""
"2-CORE","auth","professionLabel","Profession","தொழில்","ProfileSetupScreen","","",""
"2-CORE","auth","professionPlaceholder","Profession (optional)","தொழில் (விருப்பம்)","ProfileSetupScreen","","",""
"2-CORE","auth","profilePhotoAlertMessage","Add a photo so others can recognize you.","மற்றவர்கள் உங்களை அடையாளம் காண ஒரு புகைப்படத்தைச் சேர்க்கவும்.","ProfileSetupScreen","","",""
"2-CORE","auth","profilePhotoAlertTitle","Profile Photo","சுயவிவரப் புகைப்படம்","ProfileSetupScreen","","",""
"2-CORE","auth","profileSetupTitle","Set up your profile","உங்கள் சுயவிவரத்தை அமைக்கவும்","ProfileSetupScreen","","",""
"2-CORE","auth","pushNotificationsTitle","Push Notifications","புஷ் அறிவிப்புகள்","PermissionsScreen","","",""
"2-CORE","auth","resendCode","Resend Code","குறியீட்டை மீண்டும் அனுப்பு","OtpScreen","","",""
"2-CORE","auth","resendCodeIn","Resend code in","குறியீட்டை மீண்டும் அனுப்ப","OtpScreen","","",""
"2-CORE","auth","resendCodeLabel","Resend code","குறியீட்டை மீண்டும் அனுப்பு","OtpScreen","","",""
"2-CORE","auth","resendError","Could not resend code.","குறியீட்டை மீண்டும் அனுப்ப முடியவில்லை.","OtpScreen","","",""
"2-CORE","auth","saveProfileError","Could not save your profile. Try again.","உங்கள் சுயவிவரத்தைச் சேமிக்க முடியவில்லை. மீண்டும் முயற்சிக்கவும்.","ProfileSetupScreen","","",""
"2-CORE","auth","sendCodeError","Could not send code. Try again.","குறியீட்டை அனுப்ப முடியவில்லை. மீண்டும் முயற்சிக்கவும்.","LoginScreen","","",""
"2-CORE","auth","sending","Sending…","அனுப்புகிறது…","OtpScreen","","",""
"2-CORE","auth","showProfessionToggle","Show profession on public profile","பொது சுயவிவரத்தில் தொழிலைக் காட்டு","ProfileSetupScreen","","",""
"2-CORE","auth","skip","Skip","தவிர்","OnboardingScreen","","",""
"2-CORE","auth","skipOnboardingLabel","Skip onboarding","அறிமுகத்தைத் தவிர்","OnboardingScreen","","",""
"2-CORE","auth","slide3Description","Together we can build safer streets, reduce waste, rescue animals, and support one another through everyday acts of kindness.","சேர்ந்து நாம் பாதுகாப்பான தெருக்களை உருவாக்கலாம், வீணாவதைக் குறைக்கலாம், விலங்குகளைக் காப்பாற்றலாம், தினசரி இரக்க செயல்களால் ஒருவருக்கொருவர் ஆதரவளிக்கலாம்.","(not found — may be built dynamically)","","",""
"2-CORE","auth","slide3Title","Every Small Act Matters","ஒவ்வொரு சிறு செயலும் முக்கியம்","(not found — may be built dynamically)","","",""
"2-CORE","auth","takePhoto","Take Photo","புகைப்படம் எடு","ProfileSetupScreen","","",""
"2-CORE","auth","tooManyAttemptsError","Too many attempts. Request a new code.","அதிக முயற்சிகள். புதிய குறியீட்டைக் கோரவும்.","OtpScreen","","",""
"2-CORE","auth","uploadingPhoto","Uploading…","பதிவேற்றுகிறது…","ProfileSetupScreen","","",""
"2-CORE","auth","verify","Verify","சரிபார்","OtpScreen","","",""
"2-CORE","report","details.descriptionLabel","Description","விவரம்","SubmitTicketScreen","","",""
"2-CORE","report","details.photoSlot","Photo {{n}}","படம் {{n}}","ReportDetailsPage","","",""
"2-CORE","report","details.photoSlotTapToAdd","Tap to add","சேர்க்க தட்டவும்","ReportDetailsPage","","",""
"2-CORE","report","details.subtitle","Keep it short and specific — this is what people see first.","சுருக்கமாகவும் குறிப்பிட்டதாகவும் வையுங்கள் — மக்கள் முதலில் இதைத்தான் பார்ப்பார்கள்.","(not found — may be built dynamically)","","",""
"2-CORE","report","details.title","Describe the situation","நிலைமையை விவரிக்கவும்","DeleteAccountScreen, FlaggedCommentsScreen, InviteFriendsScreen, MissionJournalScreen, MyImpactStoriesScreen, SupportHomeScreen","","",""
"2-CORE","report","details.titleLabel","Title","தலைப்பு","(not found — may be built dynamically)","","",""
"2-CORE","report","details.titlePlaceholder","Title, e.g. 'Injured dog near the market'","தலைப்பு, எ.கா. 'சந்தை அருகில் காயமடைந்த நாய்'","(not found — may be built dynamically)","","",""
"2-CORE","report","detailsStep.categoryLabel","Category","வகை","SubmitTicketScreen","","",""
"2-CORE","report","detailsStep.descriptionLabel","What's happening?","என்ன நடக்கிறது?","SubmitTicketScreen","","",""
"2-CORE","report","detailsStep.photosLabel","Photos","புகைப்படங்கள்","ReportDetailsPage","","",""
"2-CORE","report","detailsStep.selectCategory","Select Category","வகையைத் தேர்ந்தெடு","ReportDetailsPage","","",""
"2-CORE","report","detailsStep.titleLabel","Short Title","சுருக்கமான தலைப்பு","ReportDetailsPage","","",""
"2-CORE","report","detailsStep.titlePlaceholder","e.g. Injured dog near bus stop","எ.கா. பேருந்து நிறுத்தம் அருகே காயமடைந்த நாய்","ReportDetailsPage","","",""
"2-CORE","report","edit.categoryLocked","Category cannot be changed after creation.","உருவாக்கிய பிறகு வகையை மாற்ற முடியாது.","EditReportScreen","","",""
"2-CORE","report","edit.descriptionLabel","Description","விவரம்","SubmitTicketScreen","","",""
"2-CORE","report","edit.descriptionPlaceholder","Description","விவரம்","SubmitTicketScreen","","",""
"2-CORE","report","edit.landmarkLabel","Landmark / Street Details","அடையாளம் / தெரு விவரங்கள்","EditReportScreen","","",""
"2-CORE","report","edit.landmarkPlaceholder","Landmark (Optional)","அடையாளம் (விருப்பத்திற்குரியது)","EditReportScreen","","",""
"2-CORE","report","edit.lockedTitle","Editing Unavailable","திருத்தம் கிடைக்கவில்லை","EditReportScreen","","",""
"2-CORE","report","edit.save","Save Changes","மாற்றங்களைச் சேமி","ImpactStorySection","","",""
"2-CORE","report","edit.titlePlaceholder","Title","தலைப்பு","EditReportScreen","","",""
"2-CORE","report","edit.updateFailedTitle","Update Failed","புதுப்பிப்பு தோல்வியடைந்தது","EditReportScreen","","",""
"2-CORE","report","flow.cameraNeededTitle","Camera needed","கேமரா தேவை","ReportFlowScreen","","",""
"2-CORE","report","flow.next","Next","அடுத்து","OnboardingScreen","","",""
"2-CORE","report","flow.ok","OK","சரி","EditReportScreen, RootNavigator","","",""
"2-CORE","report","flow.stepDetails","Details","விவரங்கள்","(not found — may be built dynamically)","","",""
"2-CORE","report","flow.stepLocation","Location","இருப்பிடம்","(not found — may be built dynamically)","","",""
"2-CORE","report","flow.stepPhoto","Photo","புகைப்படம்","(not found — may be built dynamically)","","",""
"2-CORE","report","flow.stepReview","Review","மறுபரிசீலனை","(not found — may be built dynamically)","","",""
"2-CORE","report","flow.uploadFailed","Upload failed","பதிவேற்றம் தோல்வியடைந்தது","ReportFlowScreen","","",""
"2-CORE","report","flowExtra.goHome","Go to Home","முகப்புக்குச் செல்","ReportFlowScreen","","",""
"2-CORE","report","flowExtra.postedTitle","Request Posted ✅","கோரிக்கை வெளியிடப்பட்டது ✅","ReportFlowScreen","","",""
"2-CORE","report","flowExtra.tryAgain","Try Again","மீண்டும் முயற்சி","CommunityComments, ImpactStorySection, MissionChat, RosterSection, VolunteerJourneyScreen","","",""
"2-CORE","report","flowExtra.viewRequest","View Request","கோரிக்கையைப் பார்","ReportFlowScreen","","",""
"2-CORE","report","location.detecting","Detecting your location…","உங்கள் இருப்பிடத்தைக் கண்டறிகிறது…","(not found — may be built dynamically)","","",""
"2-CORE","report","location.landmarkLabel","Landmark","அடையாளம்","(not found — may be built dynamically)","","",""
"2-CORE","report","location.landmarkPlaceholder","Landmark, e.g. 'Opposite the bus stop' (optional)","அடையாளம், எ.கா. 'பேருந்து நிறுத்தத்திற்கு எதிரே' (விருப்பத்திற்குரியது)","(not found — may be built dynamically)","","",""
"2-CORE","report","location.unavailable","Location unavailable","இருப்பிடம் கிடைக்கவில்லை","(not found — may be built dynamically)","","",""
"2-CORE","report","locationStep.detecting","Detecting location…","இருப்பிடத்தைக் கண்டறிகிறது…","ReportLocationPage","","",""
"2-CORE","report","locationStep.expiryDefault","Default: Open for {{duration}}. Override below if needed.","இயல்பு: {{duration}} திறந்திருக்கும். தேவைப்பட்டால் கீழே மாற்றவும்.","ReportLocationPage","","",""
"2-CORE","report","locationStep.expiryManualLabel","Or type hours:","அல்லது மணிநேரங்களைத் தட்டச்சு செய்க:","ReportLocationPage","","",""
"2-CORE","report","locationStep.expiryManualPlaceholder","e.g. 48","எ.கா. 48","ReportLocationPage","","",""
"2-CORE","report","locationStep.expiryMaxHint","Up to {{hours}}h for this category.","இந்த வகைக்கு அதிகபட்சம் {{hours}} மணி நேரம்.","ReportLocationPage","","",""
"2-CORE","report","locationStep.expiryNoCategory","Set a custom duration or pick a category to use its default.","தனிப்பயன் கால அளவை அமைக்கவும் அல்லது ஒரு வகையைத் தேர்ந்தெடுத்து அதன் இயல்பைப் பயன்படுத்தவும்.","ReportLocationPage","","",""
"2-CORE","report","locationStep.expiryPreset","{{hours}}h","{{hours}}ம","ReportLocationPage","","",""
"2-CORE","report","locationStep.expiryUnit","hours","மணிநேரம்","ReportLocationPage","","",""
"2-CORE","report","locationStep.landmarkPlaceholder","Landmark or street details (Optional)","அடையாளம் அல்லது தெரு விவரங்கள் (விருப்பத்திற்குரியது)","ReportLocationPage","","",""
"2-CORE","report","locationStep.locationLabel","Location","இருப்பிடம்","ReportLocationPage","","",""
"2-CORE","report","locationStep.pageTitle","Location & Preferences","இருப்பிடம் & விருப்பங்கள்","ReportLocationPage","","",""
"2-CORE","report","locationStep.unavailable","Location unavailable","இருப்பிடம் கிடைக்கவில்லை","ReportLocationPage","","",""
"2-CORE","report","photo.addAnother","Add Another","மேலும் சேர்","(not found — may be built dynamically)","","",""
"2-CORE","report","photo.removePhoto","Remove photo","புகைப்படத்தை அகற்று","(not found — may be built dynamically)","","",""
"2-CORE","report","photo.takePhoto","Take Photo","புகைப்படம் எடு","ProfileSetupScreen","","",""
"2-CORE","report","photo.takePhotoLabel","Take a photo","புகைப்படம் எடு","(not found — may be built dynamically)","","",""
"2-CORE","report","photo.tapToRemove","{{error}} — tap to remove","{{error}} — அகற்ற தட்டவும்","(not found — may be built dynamically)","","",""
"2-CORE","report","photo.title","Add a photo","புகைப்படம் சேர்","DeleteAccountScreen, FlaggedCommentsScreen, InviteFriendsScreen, MissionJournalScreen, MyImpactStoriesScreen, SupportHomeScreen","","",""
"2-CORE","report","photo.uploadFailedLabel","Upload failed: {{error}}. Double tap to remove.","பதிவேற்றம் தோல்வியடைந்தது: {{error}}. அகற்ற இருமுறை தட்டவும்.","(not found — may be built dynamically)","","",""
"2-CORE","report","review.postingWithName","Posting with your name","உங்கள் பெயருடன் பதிவிடுகிறது","(not found — may be built dynamically)","","",""
"2-CORE","report","review.title","Review & publish","மறுபரிசீலனை செய்து வெளியிடு","DeleteAccountScreen, FlaggedCommentsScreen, InviteFriendsScreen, MissionJournalScreen, MyImpactStoriesScreen, SupportHomeScreen","","",""
"2-CORE","requestDetails","afterLabel","After","பின்","ImpactStorySection","","",""
"2-CORE","requestDetails","beforeLabel","Before","முன்","ImpactStorySection","","",""
"2-CORE","requestDetails","commentNotPostedTitle","Comment not posted","கருத்து பதிவிடப்படவில்லை","CommunityComments","","",""
"2-CORE","requestDetails","communityCommentsSubtitle","Public — visible to anyone viewing this request.","பொது — இந்த கோரிக்கையைப் பார்க்கும் அனைவருக்கும் தெரியும்.","(not found — may be built dynamically)","","",""
"2-CORE","requestDetails","communityCommentsTitle","Community Comments","சமூக கருத்துகள்","CommunityComments","","",""
"2-CORE","requestDetails","couldNotCompleteThat","Could not complete that","அதை முடிக்க முடியவில்லை","ImpactStorySection, RosterSection, VolunteerJourneyScreen","","",""
"2-CORE","requestDetails","countLabel","{{activeCount}} / {{count}} joined","{{activeCount}} / {{count}} இணைந்தனர்","RosterSection","","",""
"2-CORE","requestDetails","emptyMessages","No messages yet — say hello.","இதுவரை செய்திகள் இல்லை — வணக்கம் சொல்லுங்கள்.","MissionChat","","",""
"2-CORE","requestDetails","impactStoryLabel","✨ Impact Story","✨ உதவியின் கதை","ImpactStorySection","","",""
"2-CORE","requestDetails","journeyCannotContinue","I cannot continue (Release request)","என்னால் தொடர முடியாது (விடுவிக்கக் கோரு)","VolunteerJourneyScreen","","",""
"2-CORE","requestDetails","journeyNavigateViaMaps","Navigate via Google Maps","Google Maps மூலம் வழிகாட்டு","VolunteerJourneyScreen","","",""
"2-CORE","requestDetails","journeyProgressOnWay","On the Way","வழியில்","VolunteerJourneyScreen","","",""
"2-CORE","requestDetails","journeyProgressReached","Reached Location","இடத்தை அடைந்தேன்","VolunteerJourneyScreen","","",""
"2-CORE","requestDetails","journeyProgressTitle","Update Your Progress","உங்கள் முன்னேற்றத்தைப் புதுப்பிக்கவும்","VolunteerJourneyScreen","","",""
"2-CORE","requestDetails","journeyResponseTimerLabel","Response Timer","பதில் நேரம்","(not found — may be built dynamically)","","",""
"2-CORE","requestDetails","messageNotSentTitle","Message not sent","செய்தி அனுப்பப்படவில்லை","MissionChat","","",""
"2-CORE","requestDetails","messagePlaceholder","Message…","செய்தி…","MissionChat","","",""
"2-CORE","requestDetails","notCompletedTitle","Not completed","முடிக்கப்படவில்லை","CompleteMissionSheet","","",""
"2-CORE","requestDetails","noteAccessibilityLabel","Completion note","நிறைவு குறிப்பு","CompleteMissionSheet","","",""
"2-CORE","requestDetails","notePlaceholder","What did you do? (required)","நீங்கள் என்ன செய்தீர்கள்? (அவசியம்)","CompleteMissionSheet","","",""
"2-CORE","requestDetails","ownerEditLockedTitle","Editing Unavailable","திருத்த முடியாது","RequestDetailsScreen","","",""
"2-CORE","requestDetails","photoCapturedText","Photo captured — tap to retake","புகைப்படம் எடுக்கப்பட்டது — மீண்டும் எடுக்க தட்டவும்","CompleteMissionSheet","","",""
"2-CORE","requestDetails","photoUploadError","Could not upload the photo. Tap to try again.","புகைப்படத்தை பதிவேற்ற முடியவில்லை. மீண்டும் முயற்சிக்க தட்டவும்.","CompleteMissionSheet, ProfileSetupScreen","","",""
"2-CORE","requestDetails","post","Post","பதிவிடு","(not found — may be built dynamically)","","",""
"2-CORE","requestDetails","retakePhotoAccessibilityLabel","Retake completion photo","நிறைவு புகைப்படத்தை மீண்டும் எடு","CompleteMissionSheet","","",""
"2-CORE","requestDetails","save","Save","சேமி","ImpactStorySection","","",""
"2-CORE","requestDetails","saved","Saved","சேமிக்கப்பட்டது","ImpactStorySection, SavedStoriesScreen","","",""
"2-CORE","requestDetails","savedStoriesEmptySubtitle","Tap Save on an Impact Story to keep it here.","ஒரு தாக்கக் கதையில் சேமி என்பதைத் தட்டினால் அது இங்கே இருக்கும்.","SavedStoriesScreen","","",""
"2-CORE","requestDetails","savedStoriesEmptyTitle","No saved stories yet","இதுவரை சேமித்த கதைகள் இல்லை","SavedStoriesScreen","","",""
"2-CORE","requestDetails","savedStoriesTitle","Saved Stories","சேமித்த கதைகள்","SavedStoriesScreen","","",""
"2-CORE","requestDetails","send","Send","அனுப்பு","(not found — may be built dynamically)","","",""
"2-CORE","requestDetails","statusActive","🟢 Active","🟢 செயலில்","RosterSection","","",""
"2-CORE","requestDetails","statusJoined","🟡 Joined","🟡 இணைந்தார்","RosterSection","","",""
"2-CORE","requestDetails","statusReleased","Released","விடுவிக்கப்பட்டது","RosterSection","","",""
"2-CORE","requestDetails","submitCompletionError","Could not submit completion. Try again.","நிறைவை சமர்ப்பிக்க முடியவில்லை. மீண்டும் முயற்சிக்கவும்.","CompleteMissionSheet","","",""
"2-CORE","requestDetails","takeAPhoto","Take a photo","புகைப்படம் எடு","CompleteMissionSheet","","",""
"2-CORE","requestDetails","takePhotoAccessibilityLabel","Take completion photo","நிறைவு புகைப்படம் எடு","CompleteMissionSheet","","",""
"2-CORE","tabs","alerts.emptyTitle","No alerts yet","இன்னும் அறிவிப்புகள் இல்லை","FlaggedCommentsScreen, MyImpactStoriesScreen, SupportHomeScreen","","",""
"2-CORE","tabs","alerts.markAllRead","Mark all read","அனைத்தையும் படித்ததாகக் குறி","AlertsScreen","","",""
"2-CORE","tabs","alerts.markAllReadLabel","Mark all alerts as read","அனைத்து அறிவிப்புகளையும் படித்ததாகக் குறிக்கவும்","(not found — may be built dynamically)","","",""
"2-CORE","tabs","alerts.tabAll","All","அனைத்தும்","MissionJournalScreen","","",""
"2-CORE","tabs","alerts.tabRequests","Requests","கோரிக்கைகள்","(not found — may be built dynamically)","","",""
"2-CORE","tabs","alerts.tabSystem","System","அமைப்பு","(not found — may be built dynamically)","","",""
"2-CORE","tabs","alerts.tabUpdates","Updates","புதுப்பிப்புகள்","(not found — may be built dynamically)","","",""
"2-CORE","tabs","alerts.title","Alerts","அறிவிப்புகள்","DeleteAccountScreen, FlaggedCommentsScreen, InviteFriendsScreen, MissionJournalScreen, MyImpactStoriesScreen, SupportHomeScreen","","",""
"2-CORE","tabs","alerts.unreadCountBadge","{{count}} New","{{count}} புதியது","AlertsScreen","","",""
"2-CORE","tabs","categoryList.applyFilters","Apply Filters","வடிகட்டிகளைப் பயன்படுத்து","CategoryListScreen","","",""
"2-CORE","tabs","categoryList.distanceAway","{{distance}} km away","{{distance}} கிமீ தொலைவில்","CategoryListScreen","","",""
"2-CORE","tabs","categoryList.distanceSection","📍 Distance","📍 தூரம்","CategoryListScreen","","",""
"2-CORE","tabs","categoryList.emptySubtitle","No {{category}} requests within {{radius}} km. Pull to refresh.","{{radius}} கிமீ க்குள் {{category}} கோரிக்கைகள் இல்லை. புதுப்பிக்க இழுக்கவும்.","FlaggedCommentsScreen, MyImpactStoriesScreen, SupportHomeScreen","","",""
"2-CORE","tabs","categoryList.emptyTitle","Nothing open right now","தற்போது எதுவும் திறந்திருக்கவில்லை","FlaggedCommentsScreen, MyImpactStoriesScreen, SupportHomeScreen","","",""
"2-CORE","tabs","categoryList.filterAndSortLabel","Filter and sort","வடிகட்டி மற்றும் வரிசைப்படுத்து","CategoryListScreen","","",""
"2-CORE","tabs","categoryList.filterSheetTitle","Filter Requests","கோரிக்கைகளை வடிகட்டு","CategoryListScreen","","",""
"2-CORE","tabs","categoryList.kmOption","{{km}} km","{{km}} கிமீ","CategoryListScreen","","",""
"2-CORE","tabs","categoryList.rowLabel","{{title}}, {{distance}} km away, {{time}} remaining","{{title}}, {{distance}} கிமீ தொலைவில், {{time}} மீதம்","FlaggedCommentsScreen, MyImpactStoriesScreen, SupportHomeScreen","","",""
"2-CORE","tabs","categoryList.searchPlaceholder","Search {{category}} requests…","{{category}} கோரிக்கைகளைத் தேடு…","SupportHomeScreen","","",""
"2-CORE","tabs","categoryList.selectCategory","Select Category","வகையைத் தேர்ந்தெடு","CategoryListScreen","","",""
"2-CORE","tabs","categoryList.sortNearby","Nearby","அருகில்","(not found — may be built dynamically)","","",""
"2-CORE","tabs","categoryList.sortNewest","Newest","புதியவை","(not found — may be built dynamically)","","",""
"2-CORE","tabs","categoryList.sortSection","Sort By","வரிசைப்படுத்து","CategoryListScreen","","",""
"2-CORE","tabs","categoryList.statusAll","All","அனைத்தும்","(not found — may be built dynamically)","","",""
"2-CORE","tabs","categoryList.statusOpenOnly","Open Only","திறந்தவை மட்டும்","(not found — may be built dynamically)","","",""
"2-CORE","tabs","categoryList.statusSection","Status","நிலை","CategoryListScreen","","",""
"2-CORE","tabs","categoryList.viewDetails","View Details ›","விவரங்களைப் பார் ›","CategoryListScreen","","",""
"2-CORE","tabs","categoryList.withinKm","Within {{radius}} km · {{location}}","{{radius}} கிமீ க்குள் · {{location}}","(not found — may be built dynamically)","","",""
"2-CORE","tabs","dashboard.alertsLabel","Alerts","அறிவிப்புகள்","DashboardScreen","","",""
"2-CORE","tabs","dashboard.changeLocationLabel","Change location","இருப்பிடத்தை மாற்று","DashboardScreen","","",""
"2-CORE","tabs","dashboard.changeRadiusHint","Change search radius","தேடல் ஆரத்தை மாற்றவும்","(not found — may be built dynamically)","","",""
"2-CORE","tabs","dashboard.defaultName","there","நண்பரே","DashboardScreen","","",""
"2-CORE","tabs","dashboard.exploreAnotherLocationButton","Explore Another Location","வேறு இடத்தை ஆராயுங்கள்","DashboardScreen","","",""
"2-CORE","tabs","dashboard.exploreAnotherLocationLabel","Explore another location","வேறு இடத்தை ஆராயுங்கள்","(not found — may be built dynamically)","","",""
"2-CORE","tabs","dashboard.exploreLocationTitle","Explore Location","இருப்பிடத்தை ஆராய்","DashboardScreen","","",""
"2-CORE","tabs","dashboard.exploringBanner","🌍 Exploring {{city}} — not your current location","🌍 {{city}} ஐ ஆராய்கிறீர்கள் — இது உங்கள் தற்போதைய இருப்பிடம் அல்ல","DashboardScreen","","",""
"2-CORE","tabs","dashboard.greetingAfternoon","Good Afternoon, {{name}} 👋","மதிய வணக்கம், {{name}} 👋","(not found — may be built dynamically)","","",""
"2-CORE","tabs","dashboard.greetingEvening","Good Evening, {{name}} 👋","மாலை வணக்கம், {{name}} 👋","(not found — may be built dynamically)","","",""
"2-CORE","tabs","dashboard.greetingMorning","Good Morning, {{name}} 👋","காலை வணக்கம், {{name}} 👋","(not found — may be built dynamically)","","",""
"2-CORE","tabs","dashboard.kilometersLabel","{{km}} kilometers","{{km}} கிலோமீட்டர்","(not found — may be built dynamically)","","",""
"2-CORE","tabs","dashboard.kmUnit","{{km}} km","{{km}} கிமீ","DashboardScreen","","",""
"2-CORE","tabs","dashboard.liveBadge","LIVE","நேரலை","DashboardScreen","","",""
"2-CORE","tabs","dashboard.locationNeededAction","Turn on location","இருப்பிடத்தை இயக்கு","DashboardScreen","","",""
"2-CORE","tabs","dashboard.locationNeededBody","Uthavu shows requests near you. Turn on location, or pick a place to explore.","உங்களுக்கு அருகில் உள்ள கோரிக்கைகளை உதவு காட்டுகிறது. இருப்பிடத்தை இயக்கவும், அல்லது ஒரு இடத்தைத் தேர்ந்தெடுக்கவும்.","DashboardScreen","","",""
"2-CORE","tabs","dashboard.locationNeededTitle","We need your location","உங்கள் இருப்பிடம் தேவை","DashboardScreen","","",""
"2-CORE","tabs","dashboard.locationRadiusLabel","{{location}}. Search radius {{radius}} kilometers.","{{location}}. தேடல் ஆரம் {{radius}} கிலோமீட்டர்.","(not found — may be built dynamically)","","",""
"2-CORE","tabs","dashboard.locationSearchFailed","Could not search that location. Try again.","அந்த இடத்தைத் தேட முடியவில்லை. மீண்டும் முயற்சிக்கவும்.","(not found — may be built dynamically)","","",""
"2-CORE","tabs","dashboard.locationUnavailableBody","Couldn't get a location fix. Check that GPS is on, or pick a place to explore.","இருப்பிடத்தைக் கண்டறிய முடியவில்லை. GPS இயக்கத்தில் உள்ளதா எனப் பார்க்கவும், அல்லது ஒரு இடத்தைத் தேர்ந்தெடுக்கவும்.","DashboardScreen","","",""
"2-CORE","tabs","dashboard.noLocationMatch","No match found. Try a different place name.","பொருத்தம் இல்லை. வேறு இடப்பெயரை முயற்சிக்கவும்.","(not found — may be built dynamically)","","",""
"2-CORE","tabs","dashboard.popularLocations","Popular Locations","பிரபலமான இடங்கள்","DashboardScreen","","",""
"2-CORE","tabs","dashboard.profileLabel","Profile","சுயவிவரம்","DashboardScreen","","",""
"2-CORE","tabs","dashboard.radiusSheetTitle","📍 Nearby Search Radius","📍 அருகிலுள்ள தேடல் ஆரம்","DashboardScreen","","",""
"2-CORE","tabs","dashboard.reset","Reset","மீட்டமை","CategoryListScreen, DashboardScreen","","",""
"2-CORE","tabs","dashboard.resetLocationLabel","Reset to current location","தற்போதைய இருப்பிடத்திற்குத் திரும்பு","DashboardScreen","","",""
"2-CORE","tabs","dashboard.searchLocationPlaceholder","Search city, area or town…","நகரம், பகுதி அல்லது ஊரைத் தேடுங்கள்…","DashboardScreen","","",""
"2-CORE","tabs","dashboard.searchLocationTitle","Search a location","ஓர் இடத்தைத் தேடுங்கள்","(not found — may be built dynamically)","","",""
"2-CORE","tabs","dashboard.useMyCurrentLocation","Use my current location","எனது தற்போதைய இருப்பிடத்தைப் பயன்படுத்து","DashboardScreen","","",""
"2-CORE","tabs","dashboard.viewArrow","View →","பார் →","DashboardScreen","","",""
"2-CORE","tabs","dashboard.withinKm","Within {{radius}} km · {{location}}","{{radius}} கிமீ க்குள் · {{location}}","DashboardScreen","","",""
"2-CORE","tabs","dashboard.yourGpsLocation","Your GPS location","உங்கள் GPS இருப்பிடம்","DashboardScreen","","",""
"2-CORE","tabs","editProfile.changePhoto","Change photo","புகைப்படத்தை மாற்று","EditProfileScreen","","",""
"2-CORE","tabs","editProfile.changePhotoLabel","Change profile photo","சுயவிவரப் புகைப்படத்தை மாற்று","EditProfileScreen","","",""
"2-CORE","tabs","editProfile.chooseFromLibrary","Choose from Library","நூலகத்திலிருந்து தேர்வுசெய்","ProfileSetupScreen","","",""
"2-CORE","tabs","editProfile.emailInvalid","Enter a valid email","சரியான மின்னஞ்சலை உள்ளிடவும்","EditProfileScreen","","",""
"2-CORE","tabs","editProfile.emailLabel","Email address","மின்னஞ்சல் முகவரி","ProfileSetupScreen","","",""
"2-CORE","tabs","editProfile.emailPlaceholder","Email address (optional)","மின்னஞ்சல் முகவரி (விருப்பத்தேர்வு)","ProfileSetupScreen","","",""
"2-CORE","tabs","editProfile.fullNameLabel","Full name","முழு பெயர்","ProfileSetupScreen","","",""
"2-CORE","tabs","editProfile.fullNamePlaceholder","Full name","முழு பெயர்","ProfileSetupScreen","","",""
"2-CORE","tabs","editProfile.languageLabel","Preferred language","விருப்பமான மொழி","ProfileSetupScreen","","",""
"2-CORE","tabs","editProfile.languagePlaceholder","Preferred language (optional)","விருப்பமான மொழி (விருப்பத்தேர்வு)","ProfileSetupScreen","","",""
"2-CORE","tabs","editProfile.locationNotSet","Location not set","இருப்பிடம் அமைக்கப்படவில்லை","EditProfileScreen","","",""
"2-CORE","tabs","editProfile.organizationLabel","Organization","நிறுவனம்","ProfileSetupScreen","","",""
"2-CORE","tabs","editProfile.organizationPlaceholder","Organization (optional)","நிறுவனம் (விருப்பத்தேர்வு)","ProfileSetupScreen","","",""
"2-CORE","tabs","editProfile.photoAlertMessage","Add a photo so others can recognize you.","மற்றவர்கள் உங்களை அடையாளம் காண ஒரு புகைப்படத்தைச் சேர்க்கவும்.","EditProfileScreen","","",""
"2-CORE","tabs","editProfile.photoAlertTitle","Profile Photo","சுயவிவரப் புகைப்படம்","EditProfileScreen","","",""
"2-CORE","tabs","editProfile.photoUploadFailed","Could not upload photo. Tap to try again, or continue without one.","புகைப்படத்தைப் பதிவேற்ற முடியவில்லை. மீண்டும் முயற்சிக்க தட்டவும், அல்லது இல்லாமல் தொடரவும்.","EditProfileScreen","","",""
"2-CORE","tabs","editProfile.professionLabel","Profession","தொழில்","ProfileSetupScreen","","",""
"2-CORE","tabs","editProfile.professionOther","Other","மற்றவை","EditProfileScreen","","",""
"2-CORE","tabs","editProfile.professionOtherPlaceholder","Enter your profession","உங்கள் தொழிலை உள்ளிடவும்","EditProfileScreen","","",""
"2-CORE","tabs","editProfile.professionPlaceholder","Profession (optional)","தொழில் (விருப்பத்தேர்வு)","ProfileSetupScreen","","",""
"2-CORE","tabs","editProfile.saveFailed","Could not save your profile. Try again.","உங்கள் சுயவிவரத்தைச் சேமிக்க முடியவில்லை. மீண்டும் முயற்சிக்கவும்.","EditProfileScreen","","",""
"2-CORE","tabs","editProfile.showProfessionToggle","Show profession on public profile","பொது சுயவிவரத்தில் தொழிலைக் காட்டு","ProfileSetupScreen","","",""
"2-CORE","tabs","editProfile.takePhoto","Take Photo","புகைப்படம் எடு","ProfileSetupScreen","","",""
"2-CORE","tabs","editProfile.title","Edit profile","சுயவிவரத்தைத் திருத்து","DeleteAccountScreen, FlaggedCommentsScreen, InviteFriendsScreen, MissionJournalScreen, MyImpactStoriesScreen, SupportHomeScreen","","",""
"2-CORE","tabs","editProfile.uploading","Uploading…","பதிவேற்றுகிறது…","EditProfileScreen","","",""
"2-CORE","tabs","myHelps.assignedTimeAgo","Assigned {{time}}","{{time}} நியமிக்கப்பட்டது","(not found — may be built dynamically)","","",""
"2-CORE","tabs","myHelps.emptyStoriesTitle","No impact stories yet","இதுவரை தாக்கக் கதைகள் இல்லை","(not found — may be built dynamically)","","",""
"2-CORE","tabs","myHelps.postedBy","Posted by {{name}}","{{name}} வெளியிட்டார்","CategoryListScreen, MyHelpsScreen","","",""
"2-CORE","tabs","myHelps.rowLabel","{{title}}, {{category}}, {{status}}","{{title}}, {{category}}, {{status}}","FlaggedCommentsScreen, MyImpactStoriesScreen, SupportHomeScreen","no words to translate — correct as-is","",""
"2-CORE","tabs","myHelps.storyCompletedBadge","Completed","நிறைவு செய்யப்பட்டது","MyHelpsScreen","","",""
"2-CORE","tabs","myHelps.tabActiveQueue","Active Queue ({{count}})","செயலில் உள்ள வரிசை ({{count}})","MyHelpsScreen","","",""
"2-CORE","tabs","myHelps.tabImpactStories","Impact Stories ({{count}})","தாக்கக் கதைகள் ({{count}})","MyHelpsScreen","","",""
"2-CORE","tabs","myHelps.viewProgress","View Progress","முன்னேற்றத்தைப் பார்","MyHelpsScreen","","",""
"2-CORE","tabs","myHelps.viewStory","View Story","கதையைப் பார்","MyImpactStoriesScreen","","",""
"2-CORE","tabs","myReports.badgeCompleted","Completed","நிறைவு செய்யப்பட்டது","MyReportsScreen","","",""
"2-CORE","tabs","myReports.badgeOpen","Status: Open","நிலை: திறந்துள்ளது","MyReportsScreen","","",""
"2-CORE","tabs","myReports.emptyHistorySubtitle","Nothing here yet in your history.","உங்கள் வரலாற்றில் இதுவரை எதுவும் இல்லை.","MyReportsScreen","","",""
"2-CORE","tabs","myReports.tabActive","Active","செயலில்","(not found — may be built dynamically)","","",""
"2-CORE","tabs","myReports.tabCompleted","Completed","நிறைவு","MissionJournalScreen","","",""
"2-CORE","tabs","myReports.viewAction","View","பார்","MyReportsScreen","","",""
"2-CORE","tabs","profile.defaultName","Uthavu user","உதவு பயனர்","ProfileScreen","","",""
"2-CORE","tabs","profile.editProfileButton","Edit Profile","சுயவிவரத்தைத் திருத்து","ProfileScreen","","",""
"2-CORE","tabs","profile.impactStoriesHeading","My Impact Stories","எனது தாக்கக் கதைகள்","ProfileScreen","","",""
"2-CORE","tabs","profile.locationNotSet","Location not set","இருப்பிடம் அமைக்கப்படவில்லை","ProfileScreen","","",""
"2-CORE","tabs","profile.loggingOut","Logging out…","வெளியேறுகிறது…","ProfileScreen","","",""
"2-CORE","tabs","profile.logOut","Log out","வெளியேறு","ProfileScreen","","",""
"2-CORE","tabs","profile.madeWithLove","Made with ❤️ for the community.","சமூகத்திற்காக ❤️ உடன் உருவாக்கப்பட்டது.","ProfileScreen","","",""
"2-CORE","tabs","profile.menuHeading","Menu","பட்டி","ProfileScreen","","",""
"2-CORE","tabs","profile.menuInviteFriends","Invite Friends","நண்பர்களை அழை","(not found — may be built dynamically)","","",""
"2-CORE","tabs","profile.menuMyImpactStories","My Impact Stories","எனது தாக்கக் கதைகள்","(not found — may be built dynamically)","","",""
"2-CORE","tabs","profile.menuSavedStories","Saved Stories","சேமித்த கதைகள்","(not found — may be built dynamically)","","",""
"2-CORE","tabs","profile.menuSettings","Settings","அமைப்புகள்","(not found — may be built dynamically)","","",""
"2-CORE","tabs","profile.settingsButton","Settings","அமைப்புகள்","(not found — may be built dynamically)","","",""
"2-CORE","tabs","profile.versionLabel","Version {{version}}","பதிப்பு {{version}}","ProfileScreen","","",""
"2-CORE","tabs","profile.viewAll","View All","அனைத்தையும் பார்","ProfileScreen","","",""
"2-CORE","tabs","settings.about","About","பற்றி","SettingsScreen","","",""
"2-CORE","tabs","settings.account","Account","கணக்கு","SettingsScreen","","",""
"2-CORE","tabs","settings.appearance","Appearance","தோற்றம்","SettingsScreen","","",""
"2-CORE","tabs","settings.language","Language","மொழி","SettingsScreen","","",""
"2-CORE","tabs","settings.legal","Legal","சட்டம்","SettingsScreen","","",""
"2-CORE","tabs","settings.legalGuidelines","Community Guidelines","சமூக வழிகாட்டுதல்கள்","(not found — may be built dynamically)","","",""
"2-CORE","tabs","settings.legalTerms","Terms of Service","சேவை விதிமுறைகள்","(not found — may be built dynamically)","","",""
"2-CORE","tabs","settings.notifChecking","Checking…","சரிபார்க்கிறது…","SettingsScreen","","",""
"2-CORE","tabs","settings.notifDisabled","Off — enable in your device settings","முடக்கப்பட்டுள்ளது — உங்கள் சாதன அமைப்புகளில் இயக்கவும்","SettingsScreen","","",""
"2-CORE","tabs","settings.notifEnabled","Enabled","இயக்கப்பட்டது","SettingsScreen","","",""
"2-CORE","tabs","settings.notifications","Notifications","அறிவிப்புகள்","SettingsScreen","","",""
"2-CORE","tabs","settings.openSettings","Open Settings","அமைப்புகளைத் திற","PermissionsScreen","","",""
"2-CORE","tabs","settings.pushNotifications","Push notifications","புஷ் அறிவிப்புகள்","SettingsScreen","","",""
"2-CORE","tabs","settings.themeDark","Dark","இருள்","(not found — may be built dynamically)","","",""
"2-CORE","tabs","settings.themeLight","Light","வெளிர்","(not found — may be built dynamically)","","",""
"2-CORE","tabs","settings.themeSystem","Use device setting","சாதன அமைப்பைப் பயன்படுத்து","(not found — may be built dynamically)","","",""
"2-CORE","tabs","settings.title","Settings","அமைப்புகள்","DeleteAccountScreen, FlaggedCommentsScreen, InviteFriendsScreen, MissionJournalScreen, MyImpactStoriesScreen, SupportHomeScreen","","",""
"2-CORE","tabs","settings.version","Version {{version}}","பதிப்பு {{version}}","SettingsScreen","","",""
"3-SECONDARY","common","charCount","{{current}}/{{max}}","{{current}}/{{max}}","SubmitTicketScreen, TextField","no words to translate — correct as-is","",""
"3-SECONDARY","common","clearFilters","Clear filters","வடிகட்டிகளை அழி","CategoryListScreen","","",""
"3-SECONDARY","common","clearSearch","Clear search","தேடலை அழி","SearchField","","",""
"3-SECONDARY","common","close","Close","மூடு","CloseButton, CompleteMissionSheet, ProfessionPicker","","",""
"3-SECONDARY","common","daysAgo_one","{{count}} day ago","{{count}} நாளுக்கு முன்","(not found — may be built dynamically)","","",""
"3-SECONDARY","common","daysAgo_other","{{count}} days ago","{{count}} நாட்களுக்கு முன்","(not found — may be built dynamically)","","",""
"3-SECONDARY","common","daysLeft_one","{{count}}d left","{{count}} நாள் மீதம்","(not found — may be built dynamically)","","",""
"3-SECONDARY","common","daysLeft_other","{{count}}d left","{{count}} நாட்கள் மீதம்","(not found — may be built dynamically)","","",""
"3-SECONDARY","common","decrease","Decrease","குறை","Stepper","","",""
"3-SECONDARY","common","dismiss","Dismiss","நிராகரி","(not found — may be built dynamically)","","",""
"3-SECONDARY","common","done","Done","முடிந்தது","(not found — may be built dynamically)","","",""
"3-SECONDARY","common","durationDays_one","{{count}} day","{{count}} நாள்","(not found — may be built dynamically)","","",""
"3-SECONDARY","common","durationDays_other","{{count}} days","{{count}} நாட்கள்","(not found — may be built dynamically)","","",""
"3-SECONDARY","common","durationHours_one","{{count}} hour","{{count}} மணி நேரம்","(not found — may be built dynamically)","","",""
"3-SECONDARY","common","durationHours_other","{{count}} hours","{{count}} மணி நேரங்கள்","(not found — may be built dynamically)","","",""
"3-SECONDARY","common","durationLessThanAMinute","less than a minute","ஒரு நிமிடத்திற்கும் குறைவாக","time","","",""
"3-SECONDARY","common","durationMinutes_one","{{count}} minute","{{count}} நிமிடம்","(not found — may be built dynamically)","","",""
"3-SECONDARY","common","durationMinutes_other","{{count}} minutes","{{count}} நிமிடங்கள்","(not found — may be built dynamically)","","",""
"3-SECONDARY","common","errorTitle","Error","பிழை","RequestDetailsScreen","","",""
"3-SECONDARY","common","goBack","Go back","பின் செல்","BackButton","","",""
"3-SECONDARY","common","hoursAgo_one","{{count}} hour ago","{{count}} மணி நேரத்திற்கு முன்","(not found — may be built dynamically)","","",""
"3-SECONDARY","common","hoursAgo_other","{{count}} hours ago","{{count}} மணி நேரங்களுக்கு முன்","(not found — may be built dynamically)","","",""
"3-SECONDARY","common","hoursLeft_one","{{count}}h left","{{count}} மணி நேரம் மீதம்","(not found — may be built dynamically)","","",""
"3-SECONDARY","common","hoursLeft_other","{{count}}h left","{{count}} மணி நேரங்கள் மீதம்","(not found — may be built dynamically)","","",""
"3-SECONDARY","common","increase","Increase","கூட்டு","Stepper","","",""
"3-SECONDARY","common","justNow","Just now","இப்போதுதான்","time","","",""
"3-SECONDARY","common","loading","Loading…","ஏற்றுகிறது…","CommunityComments, DashboardScreen, MissionChat","","",""
"3-SECONDARY","common","maintenanceMessage","We're working on the app right now. You can still browse requests, but posting and updates are paused. Please try again shortly.","செயலியில் இப்போது பணிகள் நடக்கின்றன. கோரிக்கைகளை நீங்கள் இப்போதும் பார்க்கலாம், ஆனால் பதிவிடுவதும் புதுப்பிப்பதும் தற்காலிகமாக நிறுத்தப்பட்டுள்ளன. சிறிது நேரம் கழித்து மீண்டும் முயற்சிக்கவும்.","(not found — may be built dynamically)","","",""
"3-SECONDARY","common","maintenanceTitle","Uthavu is under maintenance","உதவு பராமரிப்பில் உள்ளது","(not found — may be built dynamically)","","",""
"3-SECONDARY","common","minutesAgo_one","{{count}} minute ago","{{count}} நிமிடத்திற்கு முன்","(not found — may be built dynamically)","","",""
"3-SECONDARY","common","minutesAgo_other","{{count}} minutes ago","{{count}} நிமிடங்களுக்கு முன்","(not found — may be built dynamically)","","",""
"3-SECONDARY","common","minutesLeft_one","{{count}}m left","{{count}} நிமிடம் மீதம்","(not found — may be built dynamically)","","",""
"3-SECONDARY","common","minutesLeft_other","{{count}}m left","{{count}} நிமிடங்கள் மீதம்","(not found — may be built dynamically)","","",""
"3-SECONDARY","common","noFilterMatches","Nothing under these filters","இந்த வடிகட்டிகளில் எதுவும் இல்லை","CategoryListScreen","","",""
"3-SECONDARY","common","noFilterMatchesHint","Try a different word, or clear the filters.","வேறு ஒரு சொல்லை முயற்சிக்கவும், அல்லது வடிகட்டிகளை அழிக்கவும்.","CategoryListScreen","","",""
"3-SECONDARY","common","noInternet","You appear to be offline. Check your connection and try again.","நீங்கள் இணையம் இல்லாமல் இருப்பதாகத் தெரிகிறது. உங்கள் இணைப்பைச் சரிபார்த்து மீண்டும் முயற்சிக்கவும்.","ErrorState","","",""
"3-SECONDARY","common","ok","OK","சரி","EditReportScreen, RootNavigator","","",""
"3-SECONDARY","common","readOnlyMessage","Uthavu is temporarily read-only. You can still browse requests, but new posts, comments and changes can't be saved right now.","உதவு தற்போது படிக்க-மட்டும் நிலையில் உள்ளது. கோரிக்கைகளைப் பார்க்கலாம், ஆனால் புதிய பதிவுகள், கருத்துகள் மற்றும் மாற்றங்களை இப்போது சேமிக்க முடியாது.","(not found — may be built dynamically)","","",""
"3-SECONDARY","common","readOnlyTitle","Posting is paused","பதிவிடுதல் தற்காலிகமாக நிறுத்தப்பட்டுள்ளது","(not found — may be built dynamically)","","",""
"3-SECONDARY","common","requiredField","required","தேவை","TextField","","",""
"3-SECONDARY","common","retry","Retry","மீண்டும் முயற்சி","CommunityComments, ErrorState, MissionChat, SubmitTicketScreen","","",""
"3-SECONDARY","common","save","Save","சேமி","ImpactStorySection","","",""
"3-SECONDARY","common","saveChanges","Save changes","மாற்றங்களை சேமி","EditProfileScreen","","",""
"3-SECONDARY","common","search","Search","தேடு","SearchField","","",""
"3-SECONDARY","common","somethingWentWrong","Something went wrong. Please try again.","ஏதோ தவறு நடந்தது. மீண்டும் முயற்சிக்கவும்.","CommunityComments, MissionChat, OtpScreen","","",""
"3-SECONDARY","common","submit","Submit","சமர்ப்பி","CompleteMissionSheet","","",""
"3-SECONDARY","common","tryAgain","Try again.","மீண்டும் முயற்சிக்கவும்.","CommunityComments, ImpactStorySection, MissionChat, RosterSection, VolunteerJourneyScreen","","",""
"3-SECONDARY","common","viewDetailsHint","View request details","கோரிக்கை விவரங்களைப் பார்க்க","AlertsScreen","","",""
"3-SECONDARY","deleteAccount","loseAccountData","Your profile and account data","உங்கள் சுயவிவரம் மற்றும் கணக்குத் தரவு","DeleteAccountScreen","","",""
"3-SECONDARY","deleteAccount","loseImpactStories","Impact stories you're part of","நீங்கள் பங்கேற்ற தாக்கக் கதைகள்","DeleteAccountScreen","","",""
"3-SECONDARY","deleteAccount","loseTickets","Your support tickets","உங்கள் ஆதரவு கோரிக்கைகள்","DeleteAccountScreen","","",""
"3-SECONDARY","deleteAccount","warningBody","Deleting your account permanently removes it from Uthavu. There's no way to recover it afterward.","உங்கள் கணக்கை நீக்கினால் அது உதவுவிலிருந்து நிரந்தரமாக அகற்றப்படும். அதை மீட்டெடுக்க வழி இல்லை.","DeleteAccountScreen","","",""
"3-SECONDARY","deleteAccount","warningTitle","This can't be undone","இதைத் திரும்பப் பெற முடியாது","DeleteAccountScreen","","",""
"3-SECONDARY","flaggedComments","reason.abuse","Abuse","தவறான நடத்தை","(not found — may be built dynamically)","","",""
"3-SECONDARY","flaggedComments","reason.duplicate","Duplicate","நகல்","(not found — may be built dynamically)","","",""
"3-SECONDARY","flaggedComments","reason.false_information","False information","தவறான தகவல்","(not found — may be built dynamically)","","",""
"3-SECONDARY","flaggedComments","reason.other","Other","மற்றவை","(not found — may be built dynamically)","","",""
"3-SECONDARY","flaggedComments","reason.spam","Spam","ஸ்பேம்","(not found — may be built dynamically)","","",""
"3-SECONDARY","flaggedComments","status.action_taken","Action Taken","நடவடிக்கை எடுக்கப்பட்டது","(not found — may be built dynamically)","","",""
"3-SECONDARY","flaggedComments","status.dismissed","Dismissed","நிராகரிக்கப்பட்டது","(not found — may be built dynamically)","","",""
"3-SECONDARY","flaggedComments","status.submitted","Submitted","சமர்ப்பிக்கப்பட்டது","(not found — may be built dynamically)","","",""
"3-SECONDARY","flaggedComments","status.under_review","Under Review","மறுஆய்வில் உள்ளது","(not found — may be built dynamically)","","",""
"3-SECONDARY","impactStories","emptyTitle","No impact stories yet","இதுவரை தாக்கக் கதைகள் இல்லை","FlaggedCommentsScreen, MyImpactStoriesScreen, SupportHomeScreen","","",""
"3-SECONDARY","impactStories","rowLabel","{{title}}, {{category}}","{{title}}, {{category}}","FlaggedCommentsScreen, MyImpactStoriesScreen, SupportHomeScreen","no words to translate — correct as-is","",""
"3-SECONDARY","impactStories","title","My Impact Stories","எனது தாக்கக் கதைகள்","DeleteAccountScreen, FlaggedCommentsScreen, InviteFriendsScreen, MissionJournalScreen, MyImpactStoriesScreen, SupportHomeScreen","","",""
"3-SECONDARY","impactStories","viewStory","View Story","கதையைப் பார்","MyImpactStoriesScreen","","",""
"3-SECONDARY","invite","codeLabel","Your Invite Code","உங்கள் அழைப்புக் குறியீடு","InviteFriendsScreen","","",""
"3-SECONDARY","invite","copied","Copied","நகலெடுக்கப்பட்டது","InviteFriendsScreen","","",""
"3-SECONDARY","invite","copyCode","Copy Code","குறியீட்டை நகலெடு","InviteFriendsScreen","","",""
"3-SECONDARY","invite","copyLink","Copy Link","இணைப்பை நகலெடு","InviteFriendsScreen","","",""
"3-SECONDARY","invite","heroTitle","Invite friends, grow the community","நண்பர்களை அழையுங்கள், சமூகத்தை வளர்க்கவும்","InviteFriendsScreen","","",""
"3-SECONDARY","invite","loadFailed","Could not load your invite link. Try again.","உங்கள் அழைப்பு இணைப்பை ஏற்ற முடியவில்லை. மீண்டும் முயற்சிக்கவும்.","TicketDetailScreen","","",""
"3-SECONDARY","invite","step2","Friend joins Uthavu","நண்பர் உதவுவில் இணைகிறார்","InviteFriendsScreen","","",""
"3-SECONDARY","invite","title","Invite Friends","நண்பர்களை அழை","DeleteAccountScreen, FlaggedCommentsScreen, InviteFriendsScreen, MissionJournalScreen, MyImpactStoriesScreen, SupportHomeScreen","","",""
"3-SECONDARY","legal","guidelinesTitle","Community Guidelines","சமூக வழிகாட்டுதல்கள்","(not found — may be built dynamically)","","",""
"3-SECONDARY","legal","lastUpdated","Last updated: August 2026","கடைசியாகப் புதுப்பிக்கப்பட்டது: ஆகஸ்ட் 2026","LegalScreen","","",""
"3-SECONDARY","legal","termsTitle","Terms of Service","சேவை விதிமுறைகள்","(not found — may be built dynamically)","","",""
"3-SECONDARY","missionJournal","joinedTimeAgo","Joined {{time}}","{{time}} இணைந்தார்","MissionJournalScreen","","",""
"3-SECONDARY","missionJournal","postedBy","Posted by {{name}}","{{name}} வெளியிட்டார்","(not found — may be built dynamically)","","",""
"3-SECONDARY","missionJournal","statusCompleted","Completed","நிறைவு செய்யப்பட்டது","(not found — may be built dynamically)","","",""
"3-SECONDARY","missionJournal","statusJoined","Joined","இணைந்தார்","RosterSection","","",""
"3-SECONDARY","missionJournal","statusReleased","Left","விலகினார்","RosterSection","","",""
"3-SECONDARY","missionJournal","tabAll","All","அனைத்தும்","MissionJournalScreen","","",""
"3-SECONDARY","missionJournal","tabCompleted","Completed","நிறைவு","MissionJournalScreen","","",""
"3-SECONDARY","missionJournal","tabLeft","Left","விலகியவை","MissionJournalScreen","","",""
"3-SECONDARY","sponsor","cardLabel","Sponsored content from {{sponsor}}","{{sponsor}} வழங்கும் விளம்பரம்","SponsorAd","","",""
"3-SECONDARY","sponsor","defaultCta","Learn more","மேலும் அறிக","SponsorAd","","",""
"3-SECONDARY","sponsor","sponsored","Sponsored","விளம்பரம்","SponsorAd","","",""
"3-SECONDARY","tickets","attachmentAdd","Add a photo or screenshot","புகைப்படம் அல்லது திரைப்பிடிப்பைச் சேர்","SubmitTicketScreen","","",""
"3-SECONDARY","tickets","attachmentFailed","Could not upload that photo. Submit without it, or try again.","அந்தப் புகைப்படத்தைப் பதிவேற்ற முடியவில்லை. அது இல்லாமல் சமர்ப்பியுங்கள், அல்லது மீண்டும் முயற்சிக்கவும்.","SubmitTicketScreen","","",""
"3-SECONDARY","tickets","attachmentLabel","Attachment (optional)","இணைப்பு (விருப்பம்)","SubmitTicketScreen","","",""
"3-SECONDARY","tickets","attachmentLine","Attachment: {{url}}","இணைப்பு: {{url}}","SubmitTicketScreen","","",""
"3-SECONDARY","tickets","attachmentNote","The link to this photo is added to the end of your description.","இந்தப் புகைப்படத்தின் இணைப்பு உங்கள் விவரத்தின் இறுதியில் சேர்க்கப்படும்.","SubmitTicketScreen","","",""
"3-SECONDARY","tickets","attachmentRemove","Remove attachment","இணைப்பை நீக்கு","SubmitTicketScreen","","",""
"3-SECONDARY","tickets","attachmentUploading","Uploading the photo…","புகைப்படம் பதிவேற்றப்படுகிறது…","SubmitTicketScreen","","",""
"3-SECONDARY","tickets","authorSupport","Uthavu Support","உதவு ஆதரவு குழு","TicketDetailScreen","","",""
"3-SECONDARY","tickets","authorYou","You","நீங்கள்","TicketDetailScreen","","",""
"3-SECONDARY","tickets","categoryLabel","Category","வகை","SubmitTicketScreen","","",""
"3-SECONDARY","tickets","categoryLoadFailed","Could not load the categories. Check your connection and try again.","வகைகளை ஏற்ற முடியவில்லை. உங்கள் இணைப்பைச் சரிபார்த்து மீண்டும் முயற்சிக்கவும்.","SubmitTicketScreen","","",""
"3-SECONDARY","tickets","categoryNone","No categories are set up yet, so a ticket cannot be filed. Try again later.","இதுவரை எந்த வகையும் அமைக்கப்படவில்லை, எனவே டிக்கெட் பதிவு செய்ய முடியாது. பிறகு முயற்சிக்கவும்.","SubmitTicketScreen","","",""
"3-SECONDARY","tickets","categoryRequired","Pick the category this is about.","இது எந்த வகையைச் சேர்ந்தது என்பதைத் தேர்ந்தெடுக்கவும்.","SubmitTicketScreen","","",""
"3-SECONDARY","tickets","charCount","{{current}}/{{max}}","{{current}}/{{max}}","SubmitTicketScreen, TextField","no words to translate — correct as-is","",""
"3-SECONDARY","tickets","conversationTitle","Conversation","உரையாடல்","TicketDetailScreen","","",""
"3-SECONDARY","tickets","descriptionLabel","Description","விவரம்","SubmitTicketScreen","","",""
"3-SECONDARY","tickets","descriptionPlaceholder","What happened, and what were you doing just before?","என்ன நடந்தது, அதற்கு முன் நீங்கள் என்ன செய்து கொண்டிருந்தீர்கள்?","SubmitTicketScreen","","",""
"3-SECONDARY","tickets","descriptionRequired","Describe what happened so support can act on it.","ஆதரவு குழு நடவடிக்கை எடுக்க, நடந்ததை விவரிக்கவும்.","SubmitTicketScreen","","",""
"3-SECONDARY","tickets","descriptionTooLong","Keep the description under {{max}} characters.","விவரத்தை {{max}} எழுத்துகளுக்குள் வைக்கவும்.","SubmitTicketScreen","","",""
"3-SECONDARY","tickets","emptyFilteredSubtitle","Switch to All to see every ticket you have submitted.","நீங்கள் சமர்ப்பித்த அனைத்து டிக்கெட்டுகளையும் பார்க்க ""அனைத்தும்"" என்பதற்கு மாறவும்.","SupportHomeScreen","","",""
"3-SECONDARY","tickets","emptyFilteredTitle","Nothing under this filter","இந்த வடிகட்டியில் எதுவும் இல்லை","SupportHomeScreen","","",""
"3-SECONDARY","tickets","emptySearchSubtitle","Try another word, or clear the search.","வேறு ஒரு சொல்லை முயற்சிக்கவும், அல்லது தேடலை அழிக்கவும்.","SupportHomeScreen","","",""
"3-SECONDARY","tickets","emptySearchTitle","No ticket matches ""{{query}}""","""{{query}}"" க்கு பொருந்தும் டிக்கெட் இல்லை","SupportHomeScreen","","",""
"3-SECONDARY","tickets","emptySubtitle","Submit a ticket and the whole conversation stays here.","ஒரு டிக்கெட் சமர்ப்பியுங்கள் — முழு உரையாடலும் இங்கேயே இருக்கும்.","FlaggedCommentsScreen, MyImpactStoriesScreen, SupportHomeScreen","","",""
"3-SECONDARY","tickets","emptyThread","No replies yet.","இதுவரை பதில் இல்லை.","TicketDetailScreen","","",""
"3-SECONDARY","tickets","emptyTitle","No tickets yet","இதுவரை டிக்கெட் இல்லை","FlaggedCommentsScreen, MyImpactStoriesScreen, SupportHomeScreen","","",""
"3-SECONDARY","tickets","faq.editProfile.question","How do I edit my profile?","என் சுயவிவரத்தை எப்படி மாற்றுவது?","(not found — may be built dynamically)","","",""
"3-SECONDARY","tickets","faqNoMatches","No answer matches ""{{query}}"". Submit a ticket and support will answer it.","""{{query}}"" க்கு பொருந்தும் பதில் இல்லை. ஒரு டிக்கெட் சமர்ப்பியுங்கள், ஆதரவு குழு பதிலளிக்கும்.","SupportHomeScreen","","",""
"3-SECONDARY","tickets","faqTitle","Common questions","பொதுவான கேள்விகள்","SupportHomeScreen","","",""
"3-SECONDARY","tickets","filter.all","All","அனைத்தும்","(not found — may be built dynamically)","","",""
"3-SECONDARY","tickets","filter.open","Open","திறந்தவை","(not found — may be built dynamically)","","",""
"3-SECONDARY","tickets","filter.resolved","Resolved","தீர்க்கப்பட்டவை","(not found — may be built dynamically)","","",""
"3-SECONDARY","tickets","loadFailed","Could not load this ticket. Check your connection and try again.","இந்த டிக்கெட்டை ஏற்ற முடியவில்லை. உங்கள் இணைப்பைச் சரிபார்த்து மீண்டும் முயற்சிக்கவும்.","TicketDetailScreen","","",""
"3-SECONDARY","tickets","messageCount_one","{{count}} message","{{count}} செய்தி","(not found — may be built dynamically)","","",""
"3-SECONDARY","tickets","messageCount_other","{{count}} messages","{{count}} செய்திகள்","(not found — may be built dynamically)","","",""
"3-SECONDARY","tickets","myTicketsTitle","My tickets","என் டிக்கெட்டுகள்","SupportHomeScreen","","",""
"3-SECONDARY","tickets","openedAgo","Opened {{time}}","{{time}} தொடங்கப்பட்டது","TicketDetailScreen","","",""
"3-SECONDARY","tickets","openingTag","Opening message","முதல் செய்தி","TicketDetailScreen","","",""
"3-SECONDARY","tickets","replyClosedNote","This ticket is closed, so replies are turned off.","இந்த டிக்கெட் மூடப்பட்டுள்ளது, எனவே பதில்கள் நிறுத்தப்பட்டுள்ளன.","TicketDetailScreen","","",""
"3-SECONDARY","tickets","replyDisabledPlaceholder","Replies are turned off","பதில்கள் நிறுத்தப்பட்டுள்ளன","TicketDetailScreen","","",""
"3-SECONDARY","tickets","replyFailed","Could not send that reply. Try again.","அந்தப் பதிலை அனுப்ப முடியவில்லை. மீண்டும் முயற்சிக்கவும்.","TicketDetailScreen","","",""
"3-SECONDARY","tickets","replyPlaceholder","Write a reply…","ஒரு பதிலை எழுதுங்கள்…","TicketDetailScreen","","",""
"3-SECONDARY","tickets","replyReopensNote","Your reply reopens this ticket.","உங்கள் பதில் இந்த டிக்கெட்டை மீண்டும் திறக்கும்.","TicketDetailScreen","","",""
"3-SECONDARY","tickets","replySend","Send reply","பதிலை அனுப்பு","TicketDetailScreen","","",""
"3-SECONDARY","tickets","rowLabel","Ticket {{number}}, {{subject}}, status {{status}}","டிக்கெட் {{number}}, {{subject}}, நிலை {{status}}","FlaggedCommentsScreen, MyImpactStoriesScreen, SupportHomeScreen","","",""
"3-SECONDARY","tickets","searchClear","Clear search","தேடலை அழி","(not found — may be built dynamically)","","",""
"3-SECONDARY","tickets","searchPlaceholder","Search answers and tickets","பதில்களையும் டிக்கெட்டுகளையும் தேடு","SupportHomeScreen","","",""
"3-SECONDARY","tickets","status.closed","Closed","மூடப்பட்டது","(not found — may be built dynamically)","","",""
"3-SECONDARY","tickets","status.in_progress","In progress","பணி நடக்கிறது","(not found — may be built dynamically)","","",""
"3-SECONDARY","tickets","status.open","Open","திறந்துள்ளது","(not found — may be built dynamically)","","",""
"3-SECONDARY","tickets","status.resolved","Resolved","தீர்க்கப்பட்டது","(not found — may be built dynamically)","","",""
"3-SECONDARY","tickets","status.waiting_for_user","Needs your reply","உங்கள் பதில் தேவை","(not found — may be built dynamically)","","",""
"3-SECONDARY","tickets","statusNote.in_progress","Support is working on this. Their reply lands here.","ஆதரவு குழு இதில் பணியாற்றுகிறது. அவர்களின் பதில் இங்கே வரும்.","(not found — may be built dynamically)","","",""
"3-SECONDARY","tickets","statusNote.open","Submitted. Support will pick this up and reply here.","சமர்ப்பிக்கப்பட்டது. ஆதரவு குழு இதை எடுத்து இங்கே பதிலளிக்கும்.","(not found — may be built dynamically)","","",""
"3-SECONDARY","tickets","statusNote.resolved","Support marked this resolved. If it is not fixed, reply below and the ticket reopens.","ஆதரவு குழு இதைத் தீர்க்கப்பட்டதாகக் குறித்துள்ளது. சரியாகவில்லை என்றால், கீழே பதிலளியுங்கள் — டிக்கெட் மீண்டும் திறக்கும்.","(not found — may be built dynamically)","","",""
"3-SECONDARY","tickets","statusNote.waiting_for_user","Support cannot go further until you answer their last message. Reply below.","அவர்களின் கடைசி செய்திக்கு நீங்கள் பதிலளிக்கும் வரை ஆதரவு குழுவால் தொடர முடியாது. கீழே பதிலளிக்கவும்.","(not found — may be built dynamically)","","",""
"3-SECONDARY","tickets","subjectLabel","Subject","தலைப்பு","SubmitTicketScreen","","",""
"3-SECONDARY","tickets","subjectPlaceholder","e.g. Photo will not upload on a request","எ.கா. கோரிக்கையில் புகைப்படம் பதிவேற்றப்படவில்லை","SubmitTicketScreen","","",""
"3-SECONDARY","tickets","subjectRequired","Add a subject so support knows what this is about.","இது எதைப் பற்றியது என்று ஆதரவு குழு அறிய ஒரு தலைப்பைச் சேர்க்கவும்.","SubmitTicketScreen","","",""
"3-SECONDARY","tickets","subjectTooLong","Keep the subject under {{max}} characters.","தலைப்பை {{max}} எழுத்துகளுக்குள் வைக்கவும்.","SubmitTicketScreen","","",""
"3-SECONDARY","tickets","submitAction","Submit ticket","டிக்கெட்டை சமர்ப்பி","SubmitTicketScreen","","",""
"3-SECONDARY","tickets","submitCtaSubtitle","Tell us what happened, then follow the reply here.","நடந்ததைச் சொல்லுங்கள், பதிலை இங்கேயே பின்தொடரலாம்.","SupportHomeScreen","","",""
"3-SECONDARY","tickets","submitCtaTitle","Submit a Ticket","டிக்கெட் சமர்ப்பி","SupportHomeScreen","","",""
"3-SECONDARY","tickets","submitFailed","Could not submit your ticket. Try again.","உங்கள் டிக்கெட்டை சமர்ப்பிக்க முடியவில்லை. மீண்டும் முயற்சிக்கவும்.","SubmitTicketScreen","","",""
"3-SECONDARY","tickets","submitTitle","Submit a Ticket","டிக்கெட் சமர்ப்பி","SubmitTicketScreen","","",""
"3-SECONDARY","tickets","ticketRef","#{{number}}","#{{number}}","SupportHomeScreen, TicketDetailScreen","no words to translate — correct as-is","",""
"3-SECONDARY","tickets","updatedAgo","Updated {{time}}","{{time}} புதுப்பிக்கப்பட்டது","SupportHomeScreen","","",""
